week,meantemp_ts,sdtemp_ts,meanprec_ts,sdprec_ts
1,0.3,0.1,0,0.1
2,0.3,0.1,0,0.1
3,0.3,0.1,0,0.1
4,0.3,0.1,0,0.1
5,1,0.1,0,0.1
6,1,0.1,0,0.1
7,1,0.1,0,0.1
8,1,0.1,0,0.1
9,4.1,0.1,0,0.1
10,4.1,0.1,0,0.1
11,4.1,0.1,0,0.1
12,4.1,0.1,0,0.1
13,8,0.1,0,0.1
14,8,0.1,0,0.1
15,8,0.1,0,0.1
16,8,0.1,0,0.1
17,12.6,0.1,0,0.1
18,12.6,0.1,0,0.1
19,12.6,0.1,0,0.1
20,12.6,0.1,0,0.1
21,15.7,0.1,0,0.1
22,15.7,0.1,0,0.1
23,15.7,0.1,0,0.1
24,15.7,0.1,0,0.1
25,17.1,0.1,0,0.1
26,17.1,0.1,0,0.1
27,17.1,0.1,0,0.1
28,17.1,0.1,0,0.1
29,16.7,0.1,0,0.1
30,16.7,0.1,0,0.1
31,16.7,0.1,0,0.1
32,16.7,0.1,0,0.1
33,13.5,0.1,0,0.1
34,13.5,0.1,0,0.1
35,13.5,0.1,0,0.1
36,13.5,0.1,0,0.1
37,11.5,0.1,0,0.1
38,9.5,0.1,0,0.1
39,9.5,0.1,0,0.1
40,9.5,0.1,0,0.1
41,9.5,0.1,0,0.1
42,7.1,0.1,0,0.1
43,4.7,0.1,0,0.1
44,4.7,0.1,0,0.1
45,4.7,0.1,0,0.1
46,4.7,0.1,0,0.1
47,3.15,0.1,0,0.1
48,1.6,0.1,0,0.1
49,1.6,0.1,0,0.1
50,1.6,0.1,0,0.1
51,1.6,0.1,0,0.1
52,0.95,0.1,0,0.1
53,0.3,0.1,0,0.1
54,0.3,0.1,0,0.1
55,0.3,0.1,0,0.1
56,0.3,0.1,0,0.1
57,1,0.1,0,0.1
58,1,0.1,0,0.1
59,1,0.1,0,0.1
60,1,0.1,0,0.1
61,4.1,0.1,0,0.1
62,4.1,0.1,0,0.1
63,4.1,0.1,0,0.1
64,4.1,0.1,0,0.1
65,8,0.1,0,0.1
66,8,0.1,0,0.1
67,8,0.1,0,0.1
68,8,0.1,0,0.1
69,12.6,0.1,0,0.1
70,12.6,0.1,0,0.1
71,12.6,0.1,0,0.1
72,12.6,0.1,0,0.1
73,15.7,0.1,0,0.1
74,15.7,0.1,0,0.1
75,15.7,0.1,0,0.1
76,15.7,0.1,0,0.1
77,17.1,0.1,0,0.1
78,17.1,0.1,0,0.1
79,17.1,0.1,0,0.1
80,17.1,0.1,0,0.1
81,16.7,0.1,0,0.1
82,16.7,0.1,0,0.1
83,16.7,0.1,0,0.1
84,16.7,0.1,0,0.1
85,13.5,0.1,0,0.1
86,13.5,0.1,0,0.1
87,13.5,0.1,0,0.1
88,13.5,0.1,0,0.1
89,11.5,0.1,0,0.1
90,9.5,0.1,0,0.1
91,9.5,0.1,0,0.1
92,9.5,0.1,0,0.1
93,9.5,0.1,0,0.1
94,7.1,0.1,0,0.1
95,4.7,0.1,0,0.1
96,4.7,0.1,0,0.1
97,4.7,0.1,0,0.1
98,4.7,0.1,0,0.1
99,3.15,0.1,0,0.1
100,1.6,0.1,0,0.1
101,1.6,0.1,0,0.1
102,1.6,0.1,0,0.1
103,1.6,0.1,0,0.1
104,0.95,0.1,0,0.1
105,0.3,0.1,0,0.1
106,0.3,0.1,0,0.1
107,0.3,0.1,0,0.1
108,0.3,0.1,0,0.1
109,1,0.1,0,0.1
110,1,0.1,0,0.1
111,1,0.1,0,0.1
112,1,0.1,0,0.1
113,4.1,0.1,0,0.1
114,4.1,0.1,0,0.1
115,4.1,0.1,0,0.1
116,4.1,0.1,0,0.1
117,8,0.1,0,0.1
118,8,0.1,0,0.1
119,8,0.1,0,0.1
120,8,0.1,0,0.1
121,12.6,0.1,0,0.1
122,12.6,0.1,0,0.1
123,12.6,0.1,0,0.1
124,12.6,0.1,0,0.1
125,15.7,0.1,0,0.1
126,15.7,0.1,0,0.1
127,15.7,0.1,0,0.1
128,15.7,0.1,0,0.1
129,17.1,0.1,0,0.1
130,17.1,0.1,0,0.1
131,17.1,0.1,0,0.1
132,17.1,0.1,0,0.1
133,16.7,0.1,0,0.1
134,16.7,0.1,0,0.1
135,16.7,0.1,0,0.1
136,16.7,0.1,0,0.1
137,13.5,0.1,0,0.1
138,13.5,0.1,0,0.1
139,13.5,0.1,0,0.1
140,13.5,0.1,0,0.1
141,11.5,0.1,0,0.1
142,9.5,0.1,0,0.1
143,9.5,0.1,0,0.1
144,9.5,0.1,0,0.1
145,9.5,0.1,0,0.1
146,7.1,0.1,0,0.1
147,4.7,0.1,0,0.1
148,4.7,0.1,0,0.1
149,4.7,0.1,0,0.1
150,4.7,0.1,0,0.1
151,3.15,0.1,0,0.1
152,1.6,0.1,0,0.1
153,1.6,0.1,0,0.1
154,1.6,0.1,0,0.1
155,1.6,0.1,0,0.1
156,0.95,0.1,0,0.1
157,0.3,0.1,0,0.1
158,0.3,0.1,0,0.1
159,0.3,0.1,0,0.1
160,0.3,0.1,0,0.1
161,1,0.1,0,0.1
162,1,0.1,0,0.1
163,1,0.1,0,0.1
164,1,0.1,0,0.1
165,4.1,0.1,0,0.1
166,4.1,0.1,0,0.1
167,4.1,0.1,0,0.1
168,4.1,0.1,0,0.1
169,8,0.1,0,0.1
170,8,0.1,0,0.1
171,8,0.1,0,0.1
172,8,0.1,0,0.1
173,12.6,0.1,0,0.1
174,12.6,0.1,0,0.1
175,12.6,0.1,0,0.1
176,12.6,0.1,0,0.1
177,15.7,0.1,0,0.1
178,15.7,0.1,0,0.1
179,15.7,0.1,0,0.1
180,15.7,0.1,0,0.1
181,17.1,0.1,0,0.1
182,17.1,0.1,0,0.1
183,17.1,0.1,0,0.1
184,17.1,0.1,0,0.1
185,16.7,0.1,0,0.1
186,16.7,0.1,0,0.1
187,16.7,0.1,0,0.1
188,16.7,0.1,0,0.1
189,13.5,0.1,0,0.1
190,13.5,0.1,0,0.1
191,13.5,0.1,0,0.1
192,13.5,0.1,0,0.1
193,11.5,0.1,0,0.1
194,9.5,0.1,0,0.1
195,9.5,0.1,0,0.1
196,9.5,0.1,0,0.1
197,9.5,0.1,0,0.1
198,7.1,0.1,0,0.1
199,4.7,0.1,0,0.1
200,4.7,0.1,0,0.1
201,4.7,0.1,0,0.1
202,4.7,0.1,0,0.1
203,3.15,0.1,0,0.1
204,1.6,0.1,0,0.1
205,1.6,0.1,0,0.1
206,1.6,0.1,0,0.1
207,1.6,0.1,0,0.1
208,0.95,0.1,0,0.1
209,0.3,0.1,0,0.1
210,0.3,0.1,0,0.1
211,0.3,0.1,0,0.1
212,0.3,0.1,0,0.1
213,1,0.1,0,0.1
214,1,0.1,0,0.1
215,1,0.1,0,0.1
216,1,0.1,0,0.1
217,4.1,0.1,0,0.1
218,4.1,0.1,0,0.1
219,4.1,0.1,0,0.1
220,4.1,0.1,0,0.1
221,8,0.1,0,0.1
222,8,0.1,0,0.1
223,8,0.1,0,0.1
224,8,0.1,0,0.1
225,12.6,0.1,0,0.1
226,12.6,0.1,0,0.1
227,12.6,0.1,0,0.1
228,12.6,0.1,0,0.1
229,15.7,0.1,0,0.1
230,15.7,0.1,0,0.1
231,15.7,0.1,0,0.1
232,15.7,0.1,0,0.1
233,17.1,0.1,0,0.1
234,17.1,0.1,0,0.1
235,17.1,0.1,0,0.1
236,17.1,0.1,0,0.1
237,16.7,0.1,0,0.1
238,16.7,0.1,0,0.1
239,16.7,0.1,0,0.1
240,16.7,0.1,0,0.1
241,13.5,0.1,0,0.1
242,13.5,0.1,0,0.1
243,13.5,0.1,0,0.1
244,13.5,0.1,0,0.1
245,11.5,0.1,0,0.1
246,9.5,0.1,0,0.1
247,9.5,0.1,0,0.1
248,9.5,0.1,0,0.1
249,9.5,0.1,0,0.1
250,7.1,0.1,0,0.1
251,4.7,0.1,0,0.1
252,4.7,0.1,0,0.1
253,4.7,0.1,0,0.1
254,4.7,0.1,0,0.1
255,3.15,0.1,0,0.1
256,1.6,0.1,0,0.1
257,1.6,0.1,0,0.1
258,1.6,0.1,0,0.1
259,1.6,0.1,0,0.1
260,0.95,0.1,0,0.1
261,0.3,0.1,0,0.1
262,0.3,0.1,0,0.1
263,0.3,0.1,0,0.1
264,0.3,0.1,0,0.1
265,1,0.1,0,0.1
266,1,0.1,0,0.1
267,1,0.1,0,0.1
268,1,0.1,0,0.1
269,4.1,0.1,0,0.1
270,4.1,0.1,0,0.1
271,4.1,0.1,0,0.1
272,4.1,0.1,0,0.1
273,8,0.1,0,0.1
274,8,0.1,0,0.1
275,8,0.1,0,0.1
276,8,0.1,0,0.1
277,12.6,0.1,0,0.1
278,12.6,0.1,0,0.1
279,12.6,0.1,0,0.1
280,12.6,0.1,0,0.1
281,15.7,0.1,0,0.1
282,15.7,0.1,0,0.1
283,15.7,0.1,0,0.1
284,15.7,0.1,0,0.1
285,17.1,0.1,0,0.1
286,17.1,0.1,0,0.1
287,17.1,0.1,0,0.1
288,17.1,0.1,0,0.1
289,16.7,0.1,0,0.1
290,16.7,0.1,0,0.1
291,16.7,0.1,0,0.1
292,16.7,0.1,0,0.1
293,13.5,0.1,0,0.1
294,13.5,0.1,0,0.1
295,13.5,0.1,0,0.1
296,13.5,0.1,0,0.1
297,11.5,0.1,0,0.1
298,9.5,0.1,0,0.1
299,9.5,0.1,0,0.1
300,9.5,0.1,0,0.1
301,9.5,0.1,0,0.1
302,7.1,0.1,0,0.1
303,4.7,0.1,0,0.1
304,4.7,0.1,0,0.1
305,4.7,0.1,0,0.1
306,4.7,0.1,0,0.1
307,3.15,0.1,0,0.1
308,1.6,0.1,0,0.1
309,1.6,0.1,0,0.1
310,1.6,0.1,0,0.1
311,1.6,0.1,0,0.1
312,0.95,0.1,0,0.1
313,0.3,0.1,0,0.1
314,0.3,0.1,0,0.1
315,0.3,0.1,0,0.1
316,0.3,0.1,0,0.1
317,1,0.1,0,0.1
318,1,0.1,0,0.1
319,1,0.1,0,0.1
320,1,0.1,0,0.1
321,4.1,0.1,0,0.1
322,4.1,0.1,0,0.1
323,4.1,0.1,0,0.1
324,4.1,0.1,0,0.1
325,8,0.1,0,0.1
326,8,0.1,0,0.1
327,8,0.1,0,0.1
328,8,0.1,0,0.1
329,12.6,0.1,0,0.1
330,12.6,0.1,0,0.1
331,12.6,0.1,0,0.1
332,12.6,0.1,0,0.1
333,15.7,0.1,0,0.1
334,15.7,0.1,0,0.1
335,15.7,0.1,0,0.1
336,15.7,0.1,0,0.1
337,17.1,0.1,0,0.1
338,17.1,0.1,0,0.1
339,17.1,0.1,0,0.1
340,17.1,0.1,0,0.1
341,16.7,0.1,0,0.1
342,16.7,0.1,0,0.1
343,16.7,0.1,0,0.1
344,16.7,0.1,0,0.1
345,13.5,0.1,0,0.1
346,13.5,0.1,0,0.1
347,13.5,0.1,0,0.1
348,13.5,0.1,0,0.1
349,11.5,0.1,0,0.1
350,9.5,0.1,0,0.1
351,9.5,0.1,0,0.1
352,9.5,0.1,0,0.1
353,9.5,0.1,0,0.1
354,7.1,0.1,0,0.1
355,4.7,0.1,0,0.1
356,4.7,0.1,0,0.1
357,4.7,0.1,0,0.1
358,4.7,0.1,0,0.1
359,3.15,0.1,0,0.1
360,1.6,0.1,0,0.1
361,1.6,0.1,0,0.1
362,1.6,0.1,0,0.1
363,1.6,0.1,0,0.1
364,0.95,0.1,0,0.1
365,0.3,0.1,0,0.1
366,0.3,0.1,0,0.1
367,0.3,0.1,0,0.1
368,0.3,0.1,0,0.1
369,1,0.1,0,0.1
370,1,0.1,0,0.1
371,1,0.1,0,0.1
372,1,0.1,0,0.1
373,4.1,0.1,0,0.1
374,4.1,0.1,0,0.1
375,4.1,0.1,0,0.1
376,4.1,0.1,0,0.1
377,8,0.1,0,0.1
378,8,0.1,0,0.1
379,8,0.1,0,0.1
380,8,0.1,0,0.1
381,12.6,0.1,0,0.1
382,12.6,0.1,0,0.1
383,12.6,0.1,0,0.1
384,12.6,0.1,0,0.1
385,15.7,0.1,0,0.1
386,15.7,0.1,0,0.1
387,15.7,0.1,0,0.1
388,15.7,0.1,0,0.1
389,17.1,0.1,0,0.1
390,17.1,0.1,0,0.1
391,17.1,0.1,0,0.1
392,17.1,0.1,0,0.1
393,16.7,0.1,0,0.1
394,16.7,0.1,0,0.1
395,16.7,0.1,0,0.1
396,16.7,0.1,0,0.1
397,13.5,0.1,0,0.1
398,13.5,0.1,0,0.1
399,13.5,0.1,0,0.1
400,13.5,0.1,0,0.1
401,11.5,0.1,0,0.1
402,9.5,0.1,0,0.1
403,9.5,0.1,0,0.1
404,9.5,0.1,0,0.1
405,9.5,0.1,0,0.1
406,7.1,0.1,0,0.1
407,4.7,0.1,0,0.1
408,4.7,0.1,0,0.1
409,4.7,0.1,0,0.1
410,4.7,0.1,0,0.1
411,3.15,0.1,0,0.1
412,1.6,0.1,0,0.1
413,1.6,0.1,0,0.1
414,1.6,0.1,0,0.1
415,1.6,0.1,0,0.1
416,0.95,0.1,0,0.1
417,0.3,0.1,0,0.1
418,0.3,0.1,0,0.1
419,0.3,0.1,0,0.1
420,0.3,0.1,0,0.1
421,1,0.1,0,0.1
422,1,0.1,0,0.1
423,1,0.1,0,0.1
424,1,0.1,0,0.1
425,4.1,0.1,0,0.1
426,4.1,0.1,0,0.1
427,4.1,0.1,0,0.1
428,4.1,0.1,0,0.1
429,8,0.1,0,0.1
430,8,0.1,0,0.1
431,8,0.1,0,0.1
432,8,0.1,0,0.1
433,12.6,0.1,0,0.1
434,12.6,0.1,0,0.1
435,12.6,0.1,0,0.1
436,12.6,0.1,0,0.1
437,15.7,0.1,0,0.1
438,15.7,0.1,0,0.1
439,15.7,0.1,0,0.1
440,15.7,0.1,0,0.1
441,17.1,0.1,0,0.1
442,17.1,0.1,0,0.1
443,17.1,0.1,0,0.1
444,17.1,0.1,0,0.1
445,16.7,0.1,0,0.1
446,16.7,0.1,0,0.1
447,16.7,0.1,0,0.1
448,16.7,0.1,0,0.1
449,13.5,0.1,0,0.1
450,13.5,0.1,0,0.1
451,13.5,0.1,0,0.1
452,13.5,0.1,0,0.1
453,11.5,0.1,0,0.1
454,9.5,0.1,0,0.1
455,9.5,0.1,0,0.1
456,9.5,0.1,0,0.1
457,9.5,0.1,0,0.1
458,7.1,0.1,0,0.1
459,4.7,0.1,0,0.1
460,4.7,0.1,0,0.1
461,4.7,0.1,0,0.1
462,4.7,0.1,0,0.1
463,3.15,0.1,0,0.1
464,1.6,0.1,0,0.1
465,1.6,0.1,0,0.1
466,1.6,0.1,0,0.1
467,1.6,0.1,0,0.1
468,0.95,0.1,0,0.1
469,0.3,0.1,0,0.1
470,0.3,0.1,0,0.1
471,0.3,0.1,0,0.1
472,0.3,0.1,0,0.1
473,1,0.1,0,0.1
474,1,0.1,0,0.1
475,1,0.1,0,0.1
476,1,0.1,0,0.1
477,4.1,0.1,0,0.1
478,4.1,0.1,0,0.1
479,4.1,0.1,0,0.1
480,4.1,0.1,0,0.1
481,8,0.1,0,0.1
482,8,0.1,0,0.1
483,8,0.1,0,0.1
484,8,0.1,0,0.1
485,12.6,0.1,0,0.1
486,12.6,0.1,0,0.1
487,12.6,0.1,0,0.1
488,12.6,0.1,0,0.1
489,15.7,0.1,0,0.1
490,15.7,0.1,0,0.1
491,15.7,0.1,0,0.1
492,15.7,0.1,0,0.1
493,17.1,0.1,0,0.1
494,17.1,0.1,0,0.1
495,17.1,0.1,0,0.1
496,17.1,0.1,0,0.1
497,16.7,0.1,0,0.1
498,16.7,0.1,0,0.1
499,16.7,0.1,0,0.1
500,16.7,0.1,0,0.1
501,13.5,0.1,0,0.1
502,13.5,0.1,0,0.1
503,13.5,0.1,0,0.1
504,13.5,0.1,0,0.1
505,11.5,0.1,0,0.1
506,9.5,0.1,0,0.1
507,9.5,0.1,0,0.1
508,9.5,0.1,0,0.1
509,9.5,0.1,0,0.1
510,7.1,0.1,0,0.1
511,4.7,0.1,0,0.1
512,4.7,0.1,0,0.1
513,4.7,0.1,0,0.1
514,4.7,0.1,0,0.1
515,3.15,0.1,0,0.1
516,1.6,0.1,0,0.1
517,1.6,0.1,0,0.1
518,1.6,0.1,0,0.1
519,1.6,0.1,0,0.1
520,0.95,0.1,0,0.1
521,0.3,0.1,0,0.1
522,0.3,0.1,0,0.1
523,0.3,0.1,0,0.1
524,0.3,0.1,0,0.1
525,1,0.1,0,0.1
526,1,0.1,0,0.1
527,1,0.1,0,0.1
528,1,0.1,0,0.1
529,4.1,0.1,0,0.1
530,4.1,0.1,0,0.1
531,4.1,0.1,0,0.1
532,4.1,0.1,0,0.1
533,8,0.1,0,0.1
534,8,0.1,0,0.1
535,8,0.1,0,0.1
536,8,0.1,0,0.1
537,12.6,0.1,0,0.1
538,12.6,0.1,0,0.1
539,12.6,0.1,0,0.1
540,12.6,0.1,0,0.1
541,15.7,0.1,0,0.1
542,15.7,0.1,0,0.1
543,15.7,0.1,0,0.1
544,15.7,0.1,0,0.1
545,17.1,0.1,0,0.1
546,17.1,0.1,0,0.1
547,17.1,0.1,0,0.1
548,17.1,0.1,0,0.1
549,16.7,0.1,0,0.1
550,16.7,0.1,0,0.1
551,16.7,0.1,0,0.1
552,16.7,0.1,0,0.1
553,13.5,0.1,0,0.1
554,13.5,0.1,0,0.1
555,13.5,0.1,0,0.1
556,13.5,0.1,0,0.1
557,11.5,0.1,0,0.1
558,9.5,0.1,0,0.1
559,9.5,0.1,0,0.1
560,9.5,0.1,0,0.1
561,9.5,0.1,0,0.1
562,7.1,0.1,0,0.1
563,4.7,0.1,0,0.1
564,4.7,0.1,0,0.1
565,4.7,0.1,0,0.1
566,4.7,0.1,0,0.1
567,3.15,0.1,0,0.1
568,1.6,0.1,0,0.1
569,1.6,0.1,0,0.1
570,1.6,0.1,0,0.1
571,1.6,0.1,0,0.1
572,0.95,0.1,0,0.1
573,0.3,0.1,0,0.1
574,0.3,0.1,0,0.1
575,0.3,0.1,0,0.1
576,0.3,0.1,0,0.1
577,1,0.1,0,0.1
578,1,0.1,0,0.1
579,1,0.1,0,0.1
580,1,0.1,0,0.1
581,4.1,0.1,0,0.1
582,4.1,0.1,0,0.1
583,4.1,0.1,0,0.1
584,4.1,0.1,0,0.1
585,8,0.1,0,0.1
586,8,0.1,0,0.1
587,8,0.1,0,0.1
588,8,0.1,0,0.1
589,12.6,0.1,0,0.1
590,12.6,0.1,0,0.1
591,12.6,0.1,0,0.1
592,12.6,0.1,0,0.1
593,15.7,0.1,0,0.1
594,15.7,0.1,0,0.1
595,15.7,0.1,0,0.1
596,15.7,0.1,0,0.1
597,17.1,0.1,0,0.1
598,17.1,0.1,0,0.1
599,17.1,0.1,0,0.1
600,17.1,0.1,0,0.1
601,16.7,0.1,0,0.1
602,16.7,0.1,0,0.1
603,16.7,0.1,0,0.1
604,16.7,0.1,0,0.1
605,13.5,0.1,0,0.1
606,13.5,0.1,0,0.1
607,13.5,0.1,0,0.1
608,13.5,0.1,0,0.1
609,11.5,0.1,0,0.1
610,9.5,0.1,0,0.1
611,9.5,0.1,0,0.1
612,9.5,0.1,0,0.1
613,9.5,0.1,0,0.1
614,7.1,0.1,0,0.1
615,4.7,0.1,0,0.1
616,4.7,0.1,0,0.1
617,4.7,0.1,0,0.1
618,4.7,0.1,0,0.1
619,3.15,0.1,0,0.1
620,1.6,0.1,0,0.1
621,1.6,0.1,0,0.1
622,1.6,0.1,0,0.1
623,1.6,0.1,0,0.1
624,0.95,0.1,0,0.1
625,0.3,0.1,0,0.1
626,0.3,0.1,0,0.1
627,0.3,0.1,0,0.1
628,0.3,0.1,0,0.1
629,1,0.1,0,0.1
630,1,0.1,0,0.1
631,1,0.1,0,0.1
632,1,0.1,0,0.1
633,4.1,0.1,0,0.1
634,4.1,0.1,0,0.1
635,4.1,0.1,0,0.1
636,4.1,0.1,0,0.1
637,8,0.1,0,0.1
638,8,0.1,0,0.1
639,8,0.1,0,0.1
640,8,0.1,0,0.1
641,12.6,0.1,0,0.1
642,12.6,0.1,0,0.1
643,12.6,0.1,0,0.1
644,12.6,0.1,0,0.1
645,15.7,0.1,0,0.1
646,15.7,0.1,0,0.1
647,15.7,0.1,0,0.1
648,15.7,0.1,0,0.1
649,17.1,0.1,0,0.1
650,17.1,0.1,0,0.1
651,17.1,0.1,0,0.1
652,17.1,0.1,0,0.1
653,16.7,0.1,0,0.1
654,16.7,0.1,0,0.1
655,16.7,0.1,0,0.1
656,16.7,0.1,0,0.1
657,13.5,0.1,0,0.1
658,13.5,0.1,0,0.1
659,13.5,0.1,0,0.1
660,13.5,0.1,0,0.1
661,11.5,0.1,0,0.1
662,9.5,0.1,0,0.1
663,9.5,0.1,0,0.1
664,9.5,0.1,0,0.1
665,9.5,0.1,0,0.1
666,7.1,0.1,0,0.1
667,4.7,0.1,0,0.1
668,4.7,0.1,0,0.1
669,4.7,0.1,0,0.1
670,4.7,0.1,0,0.1
671,3.15,0.1,0,0.1
672,1.6,0.1,0,0.1
673,1.6,0.1,0,0.1
674,1.6,0.1,0,0.1
675,1.6,0.1,0,0.1
676,0.95,0.1,0,0.1
677,0.3,0.1,0,0.1
678,0.3,0.1,0,0.1
679,0.3,0.1,0,0.1
680,0.3,0.1,0,0.1
681,1,0.1,0,0.1
682,1,0.1,0,0.1
683,1,0.1,0,0.1
684,1,0.1,0,0.1
685,4.1,0.1,0,0.1
686,4.1,0.1,0,0.1
687,4.1,0.1,0,0.1
688,4.1,0.1,0,0.1
689,8,0.1,0,0.1
690,8,0.1,0,0.1
691,8,0.1,0,0.1
692,8,0.1,0,0.1
693,12.6,0.1,0,0.1
694,12.6,0.1,0,0.1
695,12.6,0.1,0,0.1
696,12.6,0.1,0,0.1
697,15.7,0.1,0,0.1
698,15.7,0.1,0,0.1
699,15.7,0.1,0,0.1
700,15.7,0.1,0,0.1
701,17.1,0.1,0,0.1
702,17.1,0.1,0,0.1
703,17.1,0.1,0,0.1
704,17.1,0.1,0,0.1
705,16.7,0.1,0,0.1
706,16.7,0.1,0,0.1
707,16.7,0.1,0,0.1
708,16.7,0.1,0,0.1
709,13.5,0.1,0,0.1
710,13.5,0.1,0,0.1
711,13.5,0.1,0,0.1
712,13.5,0.1,0,0.1
713,11.5,0.1,0,0.1
714,9.5,0.1,0,0.1
715,9.5,0.1,0,0.1
716,9.5,0.1,0,0.1
717,9.5,0.1,0,0.1
718,7.1,0.1,0,0.1
719,4.7,0.1,0,0.1
720,4.7,0.1,0,0.1
721,4.7,0.1,0,0.1
722,4.7,0.1,0,0.1
723,3.15,0.1,0,0.1
724,1.6,0.1,0,0.1
725,1.6,0.1,0,0.1
726,1.6,0.1,0,0.1
727,1.6,0.1,0,0.1
728,0.95,0.1,0,0.1
729,0.3,0.1,0,0.1
730,0.3,0.1,0,0.1
731,0.3,0.1,0,0.1
732,0.3,0.1,0,0.1
733,1,0.1,0,0.1
734,1,0.1,0,0.1
735,1,0.1,0,0.1
736,1,0.1,0,0.1
737,4.1,0.1,0,0.1
738,4.1,0.1,0,0.1
739,4.1,0.1,0,0.1
740,4.1,0.1,0,0.1
741,8,0.1,0,0.1
742,8,0.1,0,0.1
743,8,0.1,0,0.1
744,8,0.1,0,0.1
745,12.6,0.1,0,0.1
746,12.6,0.1,0,0.1
747,12.6,0.1,0,0.1
748,12.6,0.1,0,0.1
749,15.7,0.1,0,0.1
750,15.7,0.1,0,0.1
751,15.7,0.1,0,0.1
752,15.7,0.1,0,0.1
753,17.1,0.1,0,0.1
754,17.1,0.1,0,0.1
755,17.1,0.1,0,0.1
756,17.1,0.1,0,0.1
757,16.7,0.1,0,0.1
758,16.7,0.1,0,0.1
759,16.7,0.1,0,0.1
760,16.7,0.1,0,0.1
761,13.5,0.1,0,0.1
762,13.5,0.1,0,0.1
763,13.5,0.1,0,0.1
764,13.5,0.1,0,0.1
765,11.5,0.1,0,0.1
766,9.5,0.1,0,0.1
767,9.5,0.1,0,0.1
768,9.5,0.1,0,0.1
769,9.5,0.1,0,0.1
770,7.1,0.1,0,0.1
771,4.7,0.1,0,0.1
772,4.7,0.1,0,0.1
773,4.7,0.1,0,0.1
774,4.7,0.1,0,0.1
775,3.15,0.1,0,0.1
776,1.6,0.1,0,0.1
777,1.6,0.1,0,0.1
778,1.6,0.1,0,0.1
779,1.6,0.1,0,0.1
780,0.95,0.1,0,0.1
781,0.3,0.1,0,0.1
782,0.3,0.1,0,0.1
783,0.3,0.1,0,0.1
784,0.3,0.1,0,0.1
785,1,0.1,0,0.1
786,1,0.1,0,0.1
787,1,0.1,0,0.1
788,1,0.1,0,0.1
789,4.1,0.1,0,0.1
790,4.1,0.1,0,0.1
791,4.1,0.1,0,0.1
792,4.1,0.1,0,0.1
793,8,0.1,0,0.1
794,8,0.1,0,0.1
795,8,0.1,0,0.1
796,8,0.1,0,0.1
797,12.6,0.1,0,0.1
798,12.6,0.1,0,0.1
799,12.6,0.1,0,0.1
800,12.6,0.1,0,0.1
801,15.7,0.1,0,0.1
802,15.7,0.1,0,0.1
803,15.7,0.1,0,0.1
804,15.7,0.1,0,0.1
805,17.1,0.1,0,0.1
806,17.1,0.1,0,0.1
807,17.1,0.1,0,0.1
808,17.1,0.1,0,0.1
809,16.7,0.1,0,0.1
810,16.7,0.1,0,0.1
811,16.7,0.1,0,0.1
812,16.7,0.1,0,0.1
813,13.5,0.1,0,0.1
814,13.5,0.1,0,0.1
815,13.5,0.1,0,0.1
816,13.5,0.1,0,0.1
817,11.5,0.1,0,0.1
818,9.5,0.1,0,0.1
819,9.5,0.1,0,0.1
820,9.5,0.1,0,0.1
821,9.5,0.1,0,0.1
822,7.1,0.1,0,0.1
823,4.7,0.1,0,0.1
824,4.7,0.1,0,0.1
825,4.7,0.1,0,0.1
826,4.7,0.1,0,0.1
827,3.15,0.1,0,0.1
828,1.6,0.1,0,0.1
829,1.6,0.1,0,0.1
830,1.6,0.1,0,0.1
831,1.6,0.1,0,0.1
832,0.95,0.1,0,0.1
833,0.3,0.1,0,0.1
834,0.3,0.1,0,0.1
835,0.3,0.1,0,0.1
836,0.3,0.1,0,0.1
837,1,0.1,0,0.1
838,1,0.1,0,0.1
839,1,0.1,0,0.1
840,1,0.1,0,0.1
841,4.1,0.1,0,0.1
842,4.1,0.1,0,0.1
843,4.1,0.1,0,0.1
844,4.1,0.1,0,0.1
845,8,0.1,0,0.1
846,8,0.1,0,0.1
847,8,0.1,0,0.1
848,8,0.1,0,0.1
849,12.6,0.1,0,0.1
850,12.6,0.1,0,0.1
851,12.6,0.1,0,0.1
852,12.6,0.1,0,0.1
853,15.7,0.1,0,0.1
854,15.7,0.1,0,0.1
855,15.7,0.1,0,0.1
856,15.7,0.1,0,0.1
857,17.1,0.1,0,0.1
858,17.1,0.1,0,0.1
859,17.1,0.1,0,0.1
860,17.1,0.1,0,0.1
861,16.7,0.1,0,0.1
862,16.7,0.1,0,0.1
863,16.7,0.1,0,0.1
864,16.7,0.1,0,0.1
865,13.5,0.1,0,0.1
866,13.5,0.1,0,0.1
867,13.5,0.1,0,0.1
868,13.5,0.1,0,0.1
869,11.5,0.1,0,0.1
870,9.5,0.1,0,0.1
871,9.5,0.1,0,0.1
872,9.5,0.1,0,0.1
873,9.5,0.1,0,0.1
874,7.1,0.1,0,0.1
875,4.7,0.1,0,0.1
876,4.7,0.1,0,0.1
877,4.7,0.1,0,0.1
878,4.7,0.1,0,0.1
879,3.15,0.1,0,0.1
880,1.6,0.1,0,0.1
881,1.6,0.1,0,0.1
882,1.6,0.1,0,0.1
883,1.6,0.1,0,0.1
884,0.95,0.1,0,0.1
885,0.3,0.1,0,0.1
886,0.3,0.1,0,0.1
887,0.3,0.1,0,0.1
888,0.3,0.1,0,0.1
889,1,0.1,0,0.1
890,1,0.1,0,0.1
891,1,0.1,0,0.1
892,1,0.1,0,0.1
893,4.1,0.1,0,0.1
894,4.1,0.1,0,0.1
895,4.1,0.1,0,0.1
896,4.1,0.1,0,0.1
897,8,0.1,0,0.1
898,8,0.1,0,0.1
899,8,0.1,0,0.1
900,8,0.1,0,0.1
901,12.6,0.1,0,0.1
902,12.6,0.1,0,0.1
903,12.6,0.1,0,0.1
904,12.6,0.1,0,0.1
905,15.7,0.1,0,0.1
906,15.7,0.1,0,0.1
907,15.7,0.1,0,0.1
908,15.7,0.1,0,0.1
909,17.1,0.1,0,0.1
910,17.1,0.1,0,0.1
911,17.1,0.1,0,0.1
912,17.1,0.1,0,0.1
913,16.7,0.1,0,0.1
914,16.7,0.1,0,0.1
915,16.7,0.1,0,0.1
916,16.7,0.1,0,0.1
917,13.5,0.1,0,0.1
918,13.5,0.1,0,0.1
919,13.5,0.1,0,0.1
920,13.5,0.1,0,0.1
921,11.5,0.1,0,0.1
922,9.5,0.1,0,0.1
923,9.5,0.1,0,0.1
924,9.5,0.1,0,0.1
925,9.5,0.1,0,0.1
926,7.1,0.1,0,0.1
927,4.7,0.1,0,0.1
928,4.7,0.1,0,0.1
929,4.7,0.1,0,0.1
930,4.7,0.1,0,0.1
931,3.15,0.1,0,0.1
932,1.6,0.1,0,0.1
933,1.6,0.1,0,0.1
934,1.6,0.1,0,0.1
935,1.6,0.1,0,0.1
936,0.95,0.1,0,0.1
937,0.3,0.1,0,0.1
938,0.3,0.1,0,0.1
939,0.3,0.1,0,0.1
940,0.3,0.1,0,0.1
941,1,0.1,0,0.1
942,1,0.1,0,0.1
943,1,0.1,0,0.1
944,1,0.1,0,0.1
945,4.1,0.1,0,0.1
946,4.1,0.1,0,0.1
947,4.1,0.1,0,0.1
948,4.1,0.1,0,0.1
949,8,0.1,0,0.1
950,8,0.1,0,0.1
951,8,0.1,0,0.1
952,8,0.1,0,0.1
953,12.6,0.1,0,0.1
954,12.6,0.1,0,0.1
955,12.6,0.1,0,0.1
956,12.6,0.1,0,0.1
957,15.7,0.1,0,0.1
958,15.7,0.1,0,0.1
959,15.7,0.1,0,0.1
960,15.7,0.1,0,0.1
961,17.1,0.1,0,0.1
962,17.1,0.1,0,0.1
963,17.1,0.1,0,0.1
964,17.1,0.1,0,0.1
965,16.7,0.1,0,0.1
966,16.7,0.1,0,0.1
967,16.7,0.1,0,0.1
968,16.7,0.1,0,0.1
969,13.5,0.1,0,0.1
970,13.5,0.1,0,0.1
971,13.5,0.1,0,0.1
972,13.5,0.1,0,0.1
973,11.5,0.1,0,0.1
974,9.5,0.1,0,0.1
975,9.5,0.1,0,0.1
976,9.5,0.1,0,0.1
977,9.5,0.1,0,0.1
978,7.1,0.1,0,0.1
979,4.7,0.1,0,0.1
980,4.7,0.1,0,0.1
981,4.7,0.1,0,0.1
982,4.7,0.1,0,0.1
983,3.15,0.1,0,0.1
984,1.6,0.1,0,0.1
985,1.6,0.1,0,0.1
986,1.6,0.1,0,0.1
987,1.6,0.1,0,0.1
988,0.95,0.1,0,0.1
989,0.3,0.1,0,0.1
990,0.3,0.1,0,0.1
991,0.3,0.1,0,0.1
992,0.3,0.1,0,0.1
993,1,0.1,0,0.1
994,1,0.1,0,0.1
995,1,0.1,0,0.1
996,1,0.1,0,0.1
997,4.1,0.1,0,0.1
998,4.1,0.1,0,0.1
999,4.1,0.1,0,0.1
1000,4.1,0.1,0,0.1
1001,8,0.1,0,0.1
1002,8,0.1,0,0.1
1003,8,0.1,0,0.1
1004,8,0.1,0,0.1
1005,12.6,0.1,0,0.1
1006,12.6,0.1,0,0.1
1007,12.6,0.1,0,0.1
1008,12.6,0.1,0,0.1
1009,15.7,0.1,0,0.1
1010,15.7,0.1,0,0.1
1011,15.7,0.1,0,0.1
1012,15.7,0.1,0,0.1
1013,17.1,0.1,0,0.1
1014,17.1,0.1,0,0.1
1015,17.1,0.1,0,0.1
1016,17.1,0.1,0,0.1
1017,16.7,0.1,0,0.1
1018,16.7,0.1,0,0.1
1019,16.7,0.1,0,0.1
1020,16.7,0.1,0,0.1
1021,13.5,0.1,0,0.1
1022,13.5,0.1,0,0.1
1023,13.5,0.1,0,0.1
1024,13.5,0.1,0,0.1
1025,11.5,0.1,0,0.1
1026,9.5,0.1,0,0.1
1027,9.5,0.1,0,0.1
1028,9.5,0.1,0,0.1
1029,9.5,0.1,0,0.1
1030,7.1,0.1,0,0.1
1031,4.7,0.1,0,0.1
1032,4.7,0.1,0,0.1
1033,4.7,0.1,0,0.1
1034,4.7,0.1,0,0.1
1035,3.15,0.1,0,0.1
1036,1.6,0.1,0,0.1
1037,1.6,0.1,0,0.1
1038,1.6,0.1,0,0.1
1039,1.6,0.1,0,0.1
1040,0.95,0.1,0,0.1
1041,0.3,0.1,0,0.1
1042,0.3,0.1,0,0.1
1043,0.3,0.1,0,0.1
1044,0.3,0.1,0,0.1
1045,1,0.1,0,0.1
1046,1,0.1,0,0.1
1047,1,0.1,0,0.1
1048,1,0.1,0,0.1
1049,4.1,0.1,0,0.1
1050,4.1,0.1,0,0.1
1051,4.1,0.1,0,0.1
1052,4.1,0.1,0,0.1
1053,8,0.1,0,0.1
1054,8,0.1,0,0.1
1055,8,0.1,0,0.1
1056,8,0.1,0,0.1
1057,12.6,0.1,0,0.1
1058,12.6,0.1,0,0.1
1059,12.6,0.1,0,0.1
1060,12.6,0.1,0,0.1
1061,15.7,0.1,0,0.1
1062,15.7,0.1,0,0.1
1063,15.7,0.1,0,0.1
1064,15.7,0.1,0,0.1
1065,17.1,0.1,0,0.1
1066,17.1,0.1,0,0.1
1067,17.1,0.1,0,0.1
1068,17.1,0.1,0,0.1
1069,16.7,0.1,0,0.1
1070,16.7,0.1,0,0.1
1071,16.7,0.1,0,0.1
1072,16.7,0.1,0,0.1
1073,13.5,0.1,0,0.1
1074,13.5,0.1,0,0.1
1075,13.5,0.1,0,0.1
1076,13.5,0.1,0,0.1
1077,11.5,0.1,0,0.1
1078,9.5,0.1,0,0.1
1079,9.5,0.1,0,0.1
1080,9.5,0.1,0,0.1
1081,9.5,0.1,0,0.1
1082,7.1,0.1,0,0.1
1083,4.7,0.1,0,0.1
1084,4.7,0.1,0,0.1
1085,4.7,0.1,0,0.1
1086,4.7,0.1,0,0.1
1087,3.15,0.1,0,0.1
1088,1.6,0.1,0,0.1
1089,1.6,0.1,0,0.1
1090,1.6,0.1,0,0.1
1091,1.6,0.1,0,0.1
1092,0.95,0.1,0,0.1
1093,0.3,0.1,0,0.1
1094,0.3,0.1,0,0.1
1095,0.3,0.1,0,0.1
1096,0.3,0.1,0,0.1
1097,1,0.1,0,0.1
1098,1,0.1,0,0.1
1099,1,0.1,0,0.1
1100,1,0.1,0,0.1
1101,4.1,0.1,0,0.1
1102,4.1,0.1,0,0.1
1103,4.1,0.1,0,0.1
1104,4.1,0.1,0,0.1
1105,8,0.1,0,0.1
1106,8,0.1,0,0.1
1107,8,0.1,0,0.1
1108,8,0.1,0,0.1
1109,12.6,0.1,0,0.1
1110,12.6,0.1,0,0.1
1111,12.6,0.1,0,0.1
1112,12.6,0.1,0,0.1
1113,15.7,0.1,0,0.1
1114,15.7,0.1,0,0.1
1115,15.7,0.1,0,0.1
1116,15.7,0.1,0,0.1
1117,17.1,0.1,0,0.1
1118,17.1,0.1,0,0.1
1119,17.1,0.1,0,0.1
1120,17.1,0.1,0,0.1
1121,16.7,0.1,0,0.1
1122,16.7,0.1,0,0.1
1123,16.7,0.1,0,0.1
1124,16.7,0.1,0,0.1
1125,13.5,0.1,0,0.1
1126,13.5,0.1,0,0.1
1127,13.5,0.1,0,0.1
1128,13.5,0.1,0,0.1
1129,11.5,0.1,0,0.1
1130,9.5,0.1,0,0.1
1131,9.5,0.1,0,0.1
1132,9.5,0.1,0,0.1
1133,9.5,0.1,0,0.1
1134,7.1,0.1,0,0.1
1135,4.7,0.1,0,0.1
1136,4.7,0.1,0,0.1
1137,4.7,0.1,0,0.1
1138,4.7,0.1,0,0.1
1139,3.15,0.1,0,0.1
1140,1.6,0.1,0,0.1
1141,1.6,0.1,0,0.1
1142,1.6,0.1,0,0.1
1143,1.6,0.1,0,0.1
1144,0.95,0.1,0,0.1
1145,0.3,0.1,0,0.1
1146,0.3,0.1,0,0.1
1147,0.3,0.1,0,0.1
1148,0.3,0.1,0,0.1
1149,1,0.1,0,0.1
1150,1,0.1,0,0.1
1151,1,0.1,0,0.1
1152,1,0.1,0,0.1
1153,4.1,0.1,0,0.1
1154,4.1,0.1,0,0.1
1155,4.1,0.1,0,0.1
1156,4.1,0.1,0,0.1
1157,8,0.1,0,0.1
1158,8,0.1,0,0.1
1159,8,0.1,0,0.1
1160,8,0.1,0,0.1
1161,12.6,0.1,0,0.1
1162,12.6,0.1,0,0.1
1163,12.6,0.1,0,0.1
1164,12.6,0.1,0,0.1
1165,15.7,0.1,0,0.1
1166,15.7,0.1,0,0.1
1167,15.7,0.1,0,0.1
1168,15.7,0.1,0,0.1
1169,17.1,0.1,0,0.1
1170,17.1,0.1,0,0.1
1171,17.1,0.1,0,0.1
1172,17.1,0.1,0,0.1
1173,16.7,0.1,0,0.1
1174,16.7,0.1,0,0.1
1175,16.7,0.1,0,0.1
1176,16.7,0.1,0,0.1
1177,13.5,0.1,0,0.1
1178,13.5,0.1,0,0.1
1179,13.5,0.1,0,0.1
1180,13.5,0.1,0,0.1
1181,11.5,0.1,0,0.1
1182,9.5,0.1,0,0.1
1183,9.5,0.1,0,0.1
1184,9.5,0.1,0,0.1
1185,9.5,0.1,0,0.1
1186,7.1,0.1,0,0.1
1187,4.7,0.1,0,0.1
1188,4.7,0.1,0,0.1
1189,4.7,0.1,0,0.1
1190,4.7,0.1,0,0.1
1191,3.15,0.1,0,0.1
1192,1.6,0.1,0,0.1
1193,1.6,0.1,0,0.1
1194,1.6,0.1,0,0.1
1195,1.6,0.1,0,0.1
1196,0.95,0.1,0,0.1
1197,0.3,0.1,0,0.1
1198,0.3,0.1,0,0.1
1199,0.3,0.1,0,0.1
1200,0.3,0.1,0,0.1
1201,1,0.1,0,0.1
1202,1,0.1,0,0.1
1203,1,0.1,0,0.1
1204,1,0.1,0,0.1
1205,4.1,0.1,0,0.1
1206,4.1,0.1,0,0.1
1207,4.1,0.1,0,0.1
1208,4.1,0.1,0,0.1
1209,8,0.1,0,0.1
1210,8,0.1,0,0.1
1211,8,0.1,0,0.1
1212,8,0.1,0,0.1
1213,12.6,0.1,0,0.1
1214,12.6,0.1,0,0.1
1215,12.6,0.1,0,0.1
1216,12.6,0.1,0,0.1
1217,15.7,0.1,0,0.1
1218,15.7,0.1,0,0.1
1219,15.7,0.1,0,0.1
1220,15.7,0.1,0,0.1
1221,17.1,0.1,0,0.1
1222,17.1,0.1,0,0.1
1223,17.1,0.1,0,0.1
1224,17.1,0.1,0,0.1
1225,16.7,0.1,0,0.1
1226,16.7,0.1,0,0.1
1227,16.7,0.1,0,0.1
1228,16.7,0.1,0,0.1
1229,13.5,0.1,0,0.1
1230,13.5,0.1,0,0.1
1231,13.5,0.1,0,0.1
1232,13.5,0.1,0,0.1
1233,11.5,0.1,0,0.1
1234,9.5,0.1,0,0.1
1235,9.5,0.1,0,0.1
1236,9.5,0.1,0,0.1
1237,9.5,0.1,0,0.1
1238,7.1,0.1,0,0.1
1239,4.7,0.1,0,0.1
1240,4.7,0.1,0,0.1
1241,4.7,0.1,0,0.1
1242,4.7,0.1,0,0.1
1243,3.15,0.1,0,0.1
1244,1.6,0.1,0,0.1
1245,1.6,0.1,0,0.1
1246,1.6,0.1,0,0.1
1247,1.6,0.1,0,0.1
1248,0.95,0.1,0,0.1
1249,0.3,0.1,0,0.1
1250,0.3,0.1,0,0.1
1251,0.3,0.1,0,0.1
1252,0.3,0.1,0,0.1
1253,1,0.1,0,0.1
1254,1,0.1,0,0.1
1255,1,0.1,0,0.1
1256,1,0.1,0,0.1
1257,4.1,0.1,0,0.1
1258,4.1,0.1,0,0.1
1259,4.1,0.1,0,0.1
1260,4.1,0.1,0,0.1
1261,8,0.1,0,0.1
1262,8,0.1,0,0.1
1263,8,0.1,0,0.1
1264,8,0.1,0,0.1
1265,12.6,0.1,0,0.1
1266,12.6,0.1,0,0.1
1267,12.6,0.1,0,0.1
1268,12.6,0.1,0,0.1
1269,15.7,0.1,0,0.1
1270,15.7,0.1,0,0.1
1271,15.7,0.1,0,0.1
1272,15.7,0.1,0,0.1
1273,17.1,0.1,0,0.1
1274,17.1,0.1,0,0.1
1275,17.1,0.1,0,0.1
1276,17.1,0.1,0,0.1
1277,16.7,0.1,0,0.1
1278,16.7,0.1,0,0.1
1279,16.7,0.1,0,0.1
1280,16.7,0.1,0,0.1
1281,13.5,0.1,0,0.1
1282,13.5,0.1,0,0.1
1283,13.5,0.1,0,0.1
1284,13.5,0.1,0,0.1
1285,11.5,0.1,0,0.1
1286,9.5,0.1,0,0.1
1287,9.5,0.1,0,0.1
1288,9.5,0.1,0,0.1
1289,9.5,0.1,0,0.1
1290,7.1,0.1,0,0.1
1291,4.7,0.1,0,0.1
1292,4.7,0.1,0,0.1
1293,4.7,0.1,0,0.1
1294,4.7,0.1,0,0.1
1295,3.15,0.1,0,0.1
1296,1.6,0.1,0,0.1
1297,1.6,0.1,0,0.1
1298,1.6,0.1,0,0.1
1299,1.6,0.1,0,0.1
1300,0.95,0.1,0,0.1
1301,0.3,0.1,0,0.1
1302,0.3,0.1,0,0.1
1303,0.3,0.1,0,0.1
1304,0.3,0.1,0,0.1
1305,1,0.1,0,0.1
1306,1,0.1,0,0.1
1307,1,0.1,0,0.1
1308,1,0.1,0,0.1
1309,4.1,0.1,0,0.1
1310,4.1,0.1,0,0.1
1311,4.1,0.1,0,0.1
1312,4.1,0.1,0,0.1
1313,8,0.1,0,0.1
1314,8,0.1,0,0.1
1315,8,0.1,0,0.1
1316,8,0.1,0,0.1
1317,12.6,0.1,0,0.1
1318,12.6,0.1,0,0.1
1319,12.6,0.1,0,0.1
1320,12.6,0.1,0,0.1
1321,15.7,0.1,0,0.1
1322,15.7,0.1,0,0.1
1323,15.7,0.1,0,0.1
1324,15.7,0.1,0,0.1
1325,17.1,0.1,0,0.1
1326,17.1,0.1,0,0.1
1327,17.1,0.1,0,0.1
1328,17.1,0.1,0,0.1
1329,16.7,0.1,0,0.1
1330,16.7,0.1,0,0.1
1331,16.7,0.1,0,0.1
1332,16.7,0.1,0,0.1
1333,13.5,0.1,0,0.1
1334,13.5,0.1,0,0.1
1335,13.5,0.1,0,0.1
1336,13.5,0.1,0,0.1
1337,11.5,0.1,0,0.1
1338,9.5,0.1,0,0.1
1339,9.5,0.1,0,0.1
1340,9.5,0.1,0,0.1
1341,9.5,0.1,0,0.1
1342,7.1,0.1,0,0.1
1343,4.7,0.1,0,0.1
1344,4.7,0.1,0,0.1
1345,4.7,0.1,0,0.1
1346,4.7,0.1,0,0.1
1347,3.15,0.1,0,0.1
1348,1.6,0.1,0,0.1
1349,1.6,0.1,0,0.1
1350,1.6,0.1,0,0.1
1351,1.6,0.1,0,0.1
1352,0.95,0.1,0,0.1
1353,0.3,0.1,0,0.1
1354,0.3,0.1,0,0.1
1355,0.3,0.1,0,0.1
1356,0.3,0.1,0,0.1
1357,1,0.1,0,0.1
1358,1,0.1,0,0.1
1359,1,0.1,0,0.1
1360,1,0.1,0,0.1
1361,4.1,0.1,0,0.1
1362,4.1,0.1,0,0.1
1363,4.1,0.1,0,0.1
1364,4.1,0.1,0,0.1
1365,8,0.1,0,0.1
1366,8,0.1,0,0.1
1367,8,0.1,0,0.1
1368,8,0.1,0,0.1
1369,12.6,0.1,0,0.1
1370,12.6,0.1,0,0.1
1371,12.6,0.1,0,0.1
1372,12.6,0.1,0,0.1
1373,15.7,0.1,0,0.1
1374,15.7,0.1,0,0.1
1375,15.7,0.1,0,0.1
1376,15.7,0.1,0,0.1
1377,17.1,0.1,0,0.1
1378,17.1,0.1,0,0.1
1379,17.1,0.1,0,0.1
1380,17.1,0.1,0,0.1
1381,16.7,0.1,0,0.1
1382,16.7,0.1,0,0.1
1383,16.7,0.1,0,0.1
1384,16.7,0.1,0,0.1
1385,13.5,0.1,0,0.1
1386,13.5,0.1,0,0.1
1387,13.5,0.1,0,0.1
1388,13.5,0.1,0,0.1
1389,11.5,0.1,0,0.1
1390,9.5,0.1,0,0.1
1391,9.5,0.1,0,0.1
1392,9.5,0.1,0,0.1
1393,9.5,0.1,0,0.1
1394,7.1,0.1,0,0.1
1395,4.7,0.1,0,0.1
1396,4.7,0.1,0,0.1
1397,4.7,0.1,0,0.1
1398,4.7,0.1,0,0.1
1399,3.15,0.1,0,0.1
1400,1.6,0.1,0,0.1
1401,1.6,0.1,0,0.1
1402,1.6,0.1,0,0.1
1403,1.6,0.1,0,0.1
1404,0.95,0.1,0,0.1
1405,0.3,0.1,0,0.1
1406,0.3,0.1,0,0.1
1407,0.3,0.1,0,0.1
1408,0.3,0.1,0,0.1
1409,1,0.1,0,0.1
1410,1,0.1,0,0.1
1411,1,0.1,0,0.1
1412,1,0.1,0,0.1
1413,4.1,0.1,0,0.1
1414,4.1,0.1,0,0.1
1415,4.1,0.1,0,0.1
1416,4.1,0.1,0,0.1
1417,8,0.1,0,0.1
1418,8,0.1,0,0.1
1419,8,0.1,0,0.1
1420,8,0.1,0,0.1
1421,12.6,0.1,0,0.1
1422,12.6,0.1,0,0.1
1423,12.6,0.1,0,0.1
1424,12.6,0.1,0,0.1
1425,15.7,0.1,0,0.1
1426,15.7,0.1,0,0.1
1427,15.7,0.1,0,0.1
1428,15.7,0.1,0,0.1
1429,17.1,0.1,0,0.1
1430,17.1,0.1,0,0.1
1431,17.1,0.1,0,0.1
1432,17.1,0.1,0,0.1
1433,16.7,0.1,0,0.1
1434,16.7,0.1,0,0.1
1435,16.7,0.1,0,0.1
1436,16.7,0.1,0,0.1
1437,13.5,0.1,0,0.1
1438,13.5,0.1,0,0.1
1439,13.5,0.1,0,0.1
1440,13.5,0.1,0,0.1
1441,11.5,0.1,0,0.1
1442,9.5,0.1,0,0.1
1443,9.5,0.1,0,0.1
1444,9.5,0.1,0,0.1
1445,9.5,0.1,0,0.1
1446,7.1,0.1,0,0.1
1447,4.7,0.1,0,0.1
1448,4.7,0.1,0,0.1
1449,4.7,0.1,0,0.1
1450,4.7,0.1,0,0.1
1451,3.15,0.1,0,0.1
1452,1.6,0.1,0,0.1
1453,1.6,0.1,0,0.1
1454,1.6,0.1,0,0.1
1455,1.6,0.1,0,0.1
1456,0.95,0.1,0,0.1
1457,0.3,0.1,0,0.1
1458,0.3,0.1,0,0.1
1459,0.3,0.1,0,0.1
1460,0.3,0.1,0,0.1
1461,1,0.1,0,0.1
1462,1,0.1,0,0.1
1463,1,0.1,0,0.1
1464,1,0.1,0,0.1
1465,4.1,0.1,0,0.1
1466,4.1,0.1,0,0.1
1467,4.1,0.1,0,0.1
1468,4.1,0.1,0,0.1
1469,8,0.1,0,0.1
1470,8,0.1,0,0.1
1471,8,0.1,0,0.1
1472,8,0.1,0,0.1
1473,12.6,0.1,0,0.1
1474,12.6,0.1,0,0.1
1475,12.6,0.1,0,0.1
1476,12.6,0.1,0,0.1
1477,15.7,0.1,0,0.1
1478,15.7,0.1,0,0.1
1479,15.7,0.1,0,0.1
1480,15.7,0.1,0,0.1
1481,17.1,0.1,0,0.1
1482,17.1,0.1,0,0.1
1483,17.1,0.1,0,0.1
1484,17.1,0.1,0,0.1
1485,16.7,0.1,0,0.1
1486,16.7,0.1,0,0.1
1487,16.7,0.1,0,0.1
1488,16.7,0.1,0,0.1
1489,13.5,0.1,0,0.1
1490,13.5,0.1,0,0.1
1491,13.5,0.1,0,0.1
1492,13.5,0.1,0,0.1
1493,11.5,0.1,0,0.1
1494,9.5,0.1,0,0.1
1495,9.5,0.1,0,0.1
1496,9.5,0.1,0,0.1
1497,9.5,0.1,0,0.1
1498,7.1,0.1,0,0.1
1499,4.7,0.1,0,0.1
1500,4.7,0.1,0,0.1
1501,4.7,0.1,0,0.1
1502,4.7,0.1,0,0.1
1503,3.15,0.1,0,0.1
1504,1.6,0.1,0,0.1
1505,1.6,0.1,0,0.1
1506,1.6,0.1,0,0.1
1507,1.6,0.1,0,0.1
1508,0.95,0.1,0,0.1
1509,0.3,0.1,0,0.1
1510,0.3,0.1,0,0.1
1511,0.3,0.1,0,0.1
1512,0.3,0.1,0,0.1
1513,1,0.1,0,0.1
1514,1,0.1,0,0.1
1515,1,0.1,0,0.1
1516,1,0.1,0,0.1
1517,4.1,0.1,0,0.1
1518,4.1,0.1,0,0.1
1519,4.1,0.1,0,0.1
1520,4.1,0.1,0,0.1
1521,8,0.1,0,0.1
1522,8,0.1,0,0.1
1523,8,0.1,0,0.1
1524,8,0.1,0,0.1
1525,12.6,0.1,0,0.1
1526,12.6,0.1,0,0.1
1527,12.6,0.1,0,0.1
1528,12.6,0.1,0,0.1
1529,15.7,0.1,0,0.1
1530,15.7,0.1,0,0.1
1531,15.7,0.1,0,0.1
1532,15.7,0.1,0,0.1
1533,17.1,0.1,0,0.1
1534,17.1,0.1,0,0.1
1535,17.1,0.1,0,0.1
1536,17.1,0.1,0,0.1
1537,16.7,0.1,0,0.1
1538,16.7,0.1,0,0.1
1539,16.7,0.1,0,0.1
1540,16.7,0.1,0,0.1
1541,13.5,0.1,0,0.1
1542,13.5,0.1,0,0.1
1543,13.5,0.1,0,0.1
1544,13.5,0.1,0,0.1
1545,11.5,0.1,0,0.1
1546,9.5,0.1,0,0.1
1547,9.5,0.1,0,0.1
1548,9.5,0.1,0,0.1
1549,9.5,0.1,0,0.1
1550,7.1,0.1,0,0.1
1551,4.7,0.1,0,0.1
1552,4.7,0.1,0,0.1
1553,4.7,0.1,0,0.1
1554,4.7,0.1,0,0.1
1555,3.15,0.1,0,0.1
1556,1.6,0.1,0,0.1
1557,1.6,0.1,0,0.1
1558,1.6,0.1,0,0.1
1559,1.6,0.1,0,0.1
1560,0.95,0.1,0,0.1
1561,0.3,0.1,0,0.1
1562,0.3,0.1,0,0.1
1563,0.3,0.1,0,0.1
1564,0.3,0.1,0,0.1
1565,1,0.1,0,0.1
1566,1,0.1,0,0.1
1567,1,0.1,0,0.1
1568,1,0.1,0,0.1
1569,4.1,0.1,0,0.1
1570,4.1,0.1,0,0.1
1571,4.1,0.1,0,0.1
1572,4.1,0.1,0,0.1
1573,8,0.1,0,0.1
1574,8,0.1,0,0.1
1575,8,0.1,0,0.1
1576,8,0.1,0,0.1
1577,12.6,0.1,0,0.1
1578,12.6,0.1,0,0.1
1579,12.6,0.1,0,0.1
1580,12.6,0.1,0,0.1
1581,15.7,0.1,0,0.1
1582,15.7,0.1,0,0.1
1583,15.7,0.1,0,0.1
1584,15.7,0.1,0,0.1
1585,17.1,0.1,0,0.1
1586,17.1,0.1,0,0.1
1587,17.1,0.1,0,0.1
1588,17.1,0.1,0,0.1
1589,16.7,0.1,0,0.1
1590,16.7,0.1,0,0.1
1591,16.7,0.1,0,0.1
1592,16.7,0.1,0,0.1
1593,13.5,0.1,0,0.1
1594,13.5,0.1,0,0.1
1595,13.5,0.1,0,0.1
1596,13.5,0.1,0,0.1
1597,11.5,0.1,0,0.1
1598,9.5,0.1,0,0.1
1599,9.5,0.1,0,0.1
1600,9.5,0.1,0,0.1
1601,9.5,0.1,0,0.1
1602,7.1,0.1,0,0.1
1603,4.7,0.1,0,0.1
1604,4.7,0.1,0,0.1
1605,4.7,0.1,0,0.1
1606,4.7,0.1,0,0.1
1607,3.15,0.1,0,0.1
1608,1.6,0.1,0,0.1
1609,1.6,0.1,0,0.1
1610,1.6,0.1,0,0.1
1611,1.6,0.1,0,0.1
1612,0.95,0.1,0,0.1
1613,0.3,0.1,0,0.1
1614,0.3,0.1,0,0.1
1615,0.3,0.1,0,0.1
1616,0.3,0.1,0,0.1
1617,1,0.1,0,0.1
1618,1,0.1,0,0.1
1619,1,0.1,0,0.1
1620,1,0.1,0,0.1
1621,4.1,0.1,0,0.1
1622,4.1,0.1,0,0.1
1623,4.1,0.1,0,0.1
1624,4.1,0.1,0,0.1
1625,8,0.1,0,0.1
1626,8,0.1,0,0.1
1627,8,0.1,0,0.1
1628,8,0.1,0,0.1
1629,12.6,0.1,0,0.1
1630,12.6,0.1,0,0.1
1631,12.6,0.1,0,0.1
1632,12.6,0.1,0,0.1
1633,15.7,0.1,0,0.1
1634,15.7,0.1,0,0.1
1635,15.7,0.1,0,0.1
1636,15.7,0.1,0,0.1
1637,17.1,0.1,0,0.1
1638,17.1,0.1,0,0.1
1639,17.1,0.1,0,0.1
1640,17.1,0.1,0,0.1
1641,16.7,0.1,0,0.1
1642,16.7,0.1,0,0.1
1643,16.7,0.1,0,0.1
1644,16.7,0.1,0,0.1
1645,13.5,0.1,0,0.1
1646,13.5,0.1,0,0.1
1647,13.5,0.1,0,0.1
1648,13.5,0.1,0,0.1
1649,11.5,0.1,0,0.1
1650,9.5,0.1,0,0.1
1651,9.5,0.1,0,0.1
1652,9.5,0.1,0,0.1
1653,9.5,0.1,0,0.1
1654,7.1,0.1,0,0.1
1655,4.7,0.1,0,0.1
1656,4.7,0.1,0,0.1
1657,4.7,0.1,0,0.1
1658,4.7,0.1,0,0.1
1659,3.15,0.1,0,0.1
1660,1.6,0.1,0,0.1
1661,1.6,0.1,0,0.1
1662,1.6,0.1,0,0.1
1663,1.6,0.1,0,0.1
1664,0.95,0.1,0,0.1
1665,0.3,0.1,0,0.1
1666,0.3,0.1,0,0.1
1667,0.3,0.1,0,0.1
1668,0.3,0.1,0,0.1
1669,1,0.1,0,0.1
1670,1,0.1,0,0.1
1671,1,0.1,0,0.1
1672,1,0.1,0,0.1
1673,4.1,0.1,0,0.1
1674,4.1,0.1,0,0.1
1675,4.1,0.1,0,0.1
1676,4.1,0.1,0,0.1
1677,8,0.1,0,0.1
1678,8,0.1,0,0.1
1679,8,0.1,0,0.1
1680,8,0.1,0,0.1
1681,12.6,0.1,0,0.1
1682,12.6,0.1,0,0.1
1683,12.6,0.1,0,0.1
1684,12.6,0.1,0,0.1
1685,15.7,0.1,0,0.1
1686,15.7,0.1,0,0.1
1687,15.7,0.1,0,0.1
1688,15.7,0.1,0,0.1
1689,17.1,0.1,0,0.1
1690,17.1,0.1,0,0.1
1691,17.1,0.1,0,0.1
1692,17.1,0.1,0,0.1
1693,16.7,0.1,0,0.1
1694,16.7,0.1,0,0.1
1695,16.7,0.1,0,0.1
1696,16.7,0.1,0,0.1
1697,13.5,0.1,0,0.1
1698,13.5,0.1,0,0.1
1699,13.5,0.1,0,0.1
1700,13.5,0.1,0,0.1
1701,11.5,0.1,0,0.1
1702,9.5,0.1,0,0.1
1703,9.5,0.1,0,0.1
1704,9.5,0.1,0,0.1
1705,9.5,0.1,0,0.1
1706,7.1,0.1,0,0.1
1707,4.7,0.1,0,0.1
1708,4.7,0.1,0,0.1
1709,4.7,0.1,0,0.1
1710,4.7,0.1,0,0.1
1711,3.15,0.1,0,0.1
1712,1.6,0.1,0,0.1
1713,1.6,0.1,0,0.1
1714,1.6,0.1,0,0.1
1715,1.6,0.1,0,0.1
1716,0.95,0.1,0,0.1
1717,0.3,0.1,0,0.1
1718,0.3,0.1,0,0.1
1719,0.3,0.1,0,0.1
1720,0.3,0.1,0,0.1
1721,1,0.1,0,0.1
1722,1,0.1,0,0.1
1723,1,0.1,0,0.1
1724,1,0.1,0,0.1
1725,4.1,0.1,0,0.1
1726,4.1,0.1,0,0.1
1727,4.1,0.1,0,0.1
1728,4.1,0.1,0,0.1
1729,8,0.1,0,0.1
1730,8,0.1,0,0.1
1731,8,0.1,0,0.1
1732,8,0.1,0,0.1
1733,12.6,0.1,0,0.1
1734,12.6,0.1,0,0.1
1735,12.6,0.1,0,0.1
1736,12.6,0.1,0,0.1
1737,15.7,0.1,0,0.1
1738,15.7,0.1,0,0.1
1739,15.7,0.1,0,0.1
1740,15.7,0.1,0,0.1
1741,17.1,0.1,0,0.1
1742,17.1,0.1,0,0.1
1743,17.1,0.1,0,0.1
1744,17.1,0.1,0,0.1
1745,16.7,0.1,0,0.1
1746,16.7,0.1,0,0.1
1747,16.7,0.1,0,0.1
1748,16.7,0.1,0,0.1
1749,13.5,0.1,0,0.1
1750,13.5,0.1,0,0.1
1751,13.5,0.1,0,0.1
1752,13.5,0.1,0,0.1
1753,11.5,0.1,0,0.1
1754,9.5,0.1,0,0.1
1755,9.5,0.1,0,0.1
1756,9.5,0.1,0,0.1
1757,9.5,0.1,0,0.1
1758,7.1,0.1,0,0.1
1759,4.7,0.1,0,0.1
1760,4.7,0.1,0,0.1
1761,4.7,0.1,0,0.1
1762,4.7,0.1,0,0.1
1763,3.15,0.1,0,0.1
1764,1.6,0.1,0,0.1
1765,1.6,0.1,0,0.1
1766,1.6,0.1,0,0.1
1767,1.6,0.1,0,0.1
1768,0.95,0.1,0,0.1
1769,0.3,0.1,0,0.1
1770,0.3,0.1,0,0.1
1771,0.3,0.1,0,0.1
1772,0.3,0.1,0,0.1
1773,1,0.1,0,0.1
1774,1,0.1,0,0.1
1775,1,0.1,0,0.1
1776,1,0.1,0,0.1
1777,4.1,0.1,0,0.1
1778,4.1,0.1,0,0.1
1779,4.1,0.1,0,0.1
1780,4.1,0.1,0,0.1
1781,8,0.1,0,0.1
1782,8,0.1,0,0.1
1783,8,0.1,0,0.1
1784,8,0.1,0,0.1
1785,12.6,0.1,0,0.1
1786,12.6,0.1,0,0.1
1787,12.6,0.1,0,0.1
1788,12.6,0.1,0,0.1
1789,15.7,0.1,0,0.1
1790,15.7,0.1,0,0.1
1791,15.7,0.1,0,0.1
1792,15.7,0.1,0,0.1
1793,17.1,0.1,0,0.1
1794,17.1,0.1,0,0.1
1795,17.1,0.1,0,0.1
1796,17.1,0.1,0,0.1
1797,16.7,0.1,0,0.1
1798,16.7,0.1,0,0.1
1799,16.7,0.1,0,0.1
1800,16.7,0.1,0,0.1
1801,13.5,0.1,0,0.1
1802,13.5,0.1,0,0.1
1803,13.5,0.1,0,0.1
1804,13.5,0.1,0,0.1
1805,11.5,0.1,0,0.1
1806,9.5,0.1,0,0.1
1807,9.5,0.1,0,0.1
1808,9.5,0.1,0,0.1
1809,9.5,0.1,0,0.1
1810,7.1,0.1,0,0.1
1811,4.7,0.1,0,0.1
1812,4.7,0.1,0,0.1
1813,4.7,0.1,0,0.1
1814,4.7,0.1,0,0.1
1815,3.15,0.1,0,0.1
1816,1.6,0.1,0,0.1
1817,1.6,0.1,0,0.1
1818,1.6,0.1,0,0.1
1819,1.6,0.1,0,0.1
1820,0.95,0.1,0,0.1
1821,0.3,0.1,0,0.1
1822,0.3,0.1,0,0.1
1823,0.3,0.1,0,0.1
1824,0.3,0.1,0,0.1
1825,1,0.1,0,0.1
1826,1,0.1,0,0.1
1827,1,0.1,0,0.1
1828,1,0.1,0,0.1
1829,4.1,0.1,0,0.1
1830,4.1,0.1,0,0.1
1831,4.1,0.1,0,0.1
1832,4.1,0.1,0,0.1
1833,8,0.1,0,0.1
1834,8,0.1,0,0.1
1835,8,0.1,0,0.1
1836,8,0.1,0,0.1
1837,12.6,0.1,0,0.1
1838,12.6,0.1,0,0.1
1839,12.6,0.1,0,0.1
1840,12.6,0.1,0,0.1
1841,15.7,0.1,0,0.1
1842,15.7,0.1,0,0.1
1843,15.7,0.1,0,0.1
1844,15.7,0.1,0,0.1
1845,17.1,0.1,0,0.1
1846,17.1,0.1,0,0.1
1847,17.1,0.1,0,0.1
1848,17.1,0.1,0,0.1
1849,16.7,0.1,0,0.1
1850,16.7,0.1,0,0.1
1851,16.7,0.1,0,0.1
1852,16.7,0.1,0,0.1
1853,13.5,0.1,0,0.1
1854,13.5,0.1,0,0.1
1855,13.5,0.1,0,0.1
1856,13.5,0.1,0,0.1
1857,11.5,0.1,0,0.1
1858,9.5,0.1,0,0.1
1859,9.5,0.1,0,0.1
1860,9.5,0.1,0,0.1
1861,9.5,0.1,0,0.1
1862,7.1,0.1,0,0.1
1863,4.7,0.1,0,0.1
1864,4.7,0.1,0,0.1
1865,4.7,0.1,0,0.1
1866,4.7,0.1,0,0.1
1867,3.15,0.1,0,0.1
1868,1.6,0.1,0,0.1
1869,1.6,0.1,0,0.1
1870,1.6,0.1,0,0.1
1871,1.6,0.1,0,0.1
1872,0.95,0.1,0,0.1
1873,0.3,0.1,0,0.1
1874,0.3,0.1,0,0.1
1875,0.3,0.1,0,0.1
1876,0.3,0.1,0,0.1
1877,1,0.1,0,0.1
1878,1,0.1,0,0.1
1879,1,0.1,0,0.1
1880,1,0.1,0,0.1
1881,4.1,0.1,0,0.1
1882,4.1,0.1,0,0.1
1883,4.1,0.1,0,0.1
1884,4.1,0.1,0,0.1
1885,8,0.1,0,0.1
1886,8,0.1,0,0.1
1887,8,0.1,0,0.1
1888,8,0.1,0,0.1
1889,12.6,0.1,0,0.1
1890,12.6,0.1,0,0.1
1891,12.6,0.1,0,0.1
1892,12.6,0.1,0,0.1
1893,15.7,0.1,0,0.1
1894,15.7,0.1,0,0.1
1895,15.7,0.1,0,0.1
1896,15.7,0.1,0,0.1
1897,17.1,0.1,0,0.1
1898,17.1,0.1,0,0.1
1899,17.1,0.1,0,0.1
1900,17.1,0.1,0,0.1
1901,16.7,0.1,0,0.1
1902,16.7,0.1,0,0.1
1903,16.7,0.1,0,0.1
1904,16.7,0.1,0,0.1
1905,13.5,0.1,0,0.1
1906,13.5,0.1,0,0.1
1907,13.5,0.1,0,0.1
1908,13.5,0.1,0,0.1
1909,11.5,0.1,0,0.1
1910,9.5,0.1,0,0.1
1911,9.5,0.1,0,0.1
1912,9.5,0.1,0,0.1
1913,9.5,0.1,0,0.1
1914,7.1,0.1,0,0.1
1915,4.7,0.1,0,0.1
1916,4.7,0.1,0,0.1
1917,4.7,0.1,0,0.1
1918,4.7,0.1,0,0.1
1919,3.15,0.1,0,0.1
1920,1.6,0.1,0,0.1
1921,1.6,0.1,0,0.1
1922,1.6,0.1,0,0.1
1923,1.6,0.1,0,0.1
1924,0.95,0.1,0,0.1
1925,0.3,0.1,0,0.1
1926,0.3,0.1,0,0.1
1927,0.3,0.1,0,0.1
1928,0.3,0.1,0,0.1
1929,1,0.1,0,0.1
1930,1,0.1,0,0.1
1931,1,0.1,0,0.1
1932,1,0.1,0,0.1
1933,4.1,0.1,0,0.1
1934,4.1,0.1,0,0.1
1935,4.1,0.1,0,0.1
1936,4.1,0.1,0,0.1
1937,8,0.1,0,0.1
1938,8,0.1,0,0.1
1939,8,0.1,0,0.1
1940,8,0.1,0,0.1
1941,12.6,0.1,0,0.1
1942,12.6,0.1,0,0.1
1943,12.6,0.1,0,0.1
1944,12.6,0.1,0,0.1
1945,15.7,0.1,0,0.1
1946,15.7,0.1,0,0.1
1947,15.7,0.1,0,0.1
1948,15.7,0.1,0,0.1
1949,17.1,0.1,0,0.1
1950,17.1,0.1,0,0.1
1951,17.1,0.1,0,0.1
1952,17.1,0.1,0,0.1
1953,16.7,0.1,0,0.1
1954,16.7,0.1,0,0.1
1955,16.7,0.1,0,0.1
1956,16.7,0.1,0,0.1
1957,13.5,0.1,0,0.1
1958,13.5,0.1,0,0.1
1959,13.5,0.1,0,0.1
1960,13.5,0.1,0,0.1
1961,11.5,0.1,0,0.1
1962,9.5,0.1,0,0.1
1963,9.5,0.1,0,0.1
1964,9.5,0.1,0,0.1
1965,9.5,0.1,0,0.1
1966,7.1,0.1,0,0.1
1967,4.7,0.1,0,0.1
1968,4.7,0.1,0,0.1
1969,4.7,0.1,0,0.1
1970,4.7,0.1,0,0.1
1971,3.15,0.1,0,0.1
1972,1.6,0.1,0,0.1
1973,1.6,0.1,0,0.1
1974,1.6,0.1,0,0.1
1975,1.6,0.1,0,0.1
1976,0.95,0.1,0,0.1
1977,0.3,0.1,0,0.1
1978,0.3,0.1,0,0.1
1979,0.3,0.1,0,0.1
1980,0.3,0.1,0,0.1
1981,1,0.1,0,0.1
1982,1,0.1,0,0.1
1983,1,0.1,0,0.1
1984,1,0.1,0,0.1
1985,4.1,0.1,0,0.1
1986,4.1,0.1,0,0.1
1987,4.1,0.1,0,0.1
1988,4.1,0.1,0,0.1
1989,8,0.1,0,0.1
1990,8,0.1,0,0.1
1991,8,0.1,0,0.1
1992,8,0.1,0,0.1
1993,12.6,0.1,0,0.1
1994,12.6,0.1,0,0.1
1995,12.6,0.1,0,0.1
1996,12.6,0.1,0,0.1
1997,15.7,0.1,0,0.1
1998,15.7,0.1,0,0.1
1999,15.7,0.1,0,0.1
2000,15.7,0.1,0,0.1
2001,17.1,0.1,0,0.1
2002,17.1,0.1,0,0.1
2003,17.1,0.1,0,0.1
2004,17.1,0.1,0,0.1
2005,16.7,0.1,0,0.1
2006,16.7,0.1,0,0.1
2007,16.7,0.1,0,0.1
2008,16.7,0.1,0,0.1
2009,13.5,0.1,0,0.1
2010,13.5,0.1,0,0.1
2011,13.5,0.1,0,0.1
2012,13.5,0.1,0,0.1
2013,11.5,0.1,0,0.1
2014,9.5,0.1,0,0.1
2015,9.5,0.1,0,0.1
2016,9.5,0.1,0,0.1
2017,9.5,0.1,0,0.1
2018,7.1,0.1,0,0.1
2019,4.7,0.1,0,0.1
2020,4.7,0.1,0,0.1
2021,4.7,0.1,0,0.1
2022,4.7,0.1,0,0.1
2023,3.15,0.1,0,0.1
2024,1.6,0.1,0,0.1
2025,1.6,0.1,0,0.1
2026,1.6,0.1,0,0.1
2027,1.6,0.1,0,0.1
2028,0.95,0.1,0,0.1
2029,0.3,0.1,0,0.1
2030,0.3,0.1,0,0.1
2031,0.3,0.1,0,0.1
2032,0.3,0.1,0,0.1
2033,1,0.1,0,0.1
2034,1,0.1,0,0.1
2035,1,0.1,0,0.1
2036,1,0.1,0,0.1
2037,4.1,0.1,0,0.1
2038,4.1,0.1,0,0.1
2039,4.1,0.1,0,0.1
2040,4.1,0.1,0,0.1
2041,8,0.1,0,0.1
2042,8,0.1,0,0.1
2043,8,0.1,0,0.1
2044,8,0.1,0,0.1
2045,12.6,0.1,0,0.1
2046,12.6,0.1,0,0.1
2047,12.6,0.1,0,0.1
2048,12.6,0.1,0,0.1
2049,15.7,0.1,0,0.1
2050,15.7,0.1,0,0.1
2051,15.7,0.1,0,0.1
2052,15.7,0.1,0,0.1
2053,17.1,0.1,0,0.1
2054,17.1,0.1,0,0.1
2055,17.1,0.1,0,0.1
2056,17.1,0.1,0,0.1
2057,16.7,0.1,0,0.1
2058,16.7,0.1,0,0.1
2059,16.7,0.1,0,0.1
2060,16.7,0.1,0,0.1
2061,13.5,0.1,0,0.1
2062,13.5,0.1,0,0.1
2063,13.5,0.1,0,0.1
2064,13.5,0.1,0,0.1
2065,11.5,0.1,0,0.1
2066,9.5,0.1,0,0.1
2067,9.5,0.1,0,0.1
2068,9.5,0.1,0,0.1
2069,9.5,0.1,0,0.1
2070,7.1,0.1,0,0.1
2071,4.7,0.1,0,0.1
2072,4.7,0.1,0,0.1
2073,4.7,0.1,0,0.1
2074,4.7,0.1,0,0.1
2075,3.15,0.1,0,0.1
2076,1.6,0.1,0,0.1
2077,1.6,0.1,0,0.1
2078,1.6,0.1,0,0.1
2079,1.6,0.1,0,0.1
2080,0.95,0.1,0,0.1
2081,0.3,0.1,0,0.1
2082,0.3,0.1,0,0.1
2083,0.3,0.1,0,0.1
2084,0.3,0.1,0,0.1
2085,1,0.1,0,0.1
2086,1,0.1,0,0.1
2087,1,0.1,0,0.1
2088,1,0.1,0,0.1
2089,4.1,0.1,0,0.1
2090,4.1,0.1,0,0.1
2091,4.1,0.1,0,0.1
2092,4.1,0.1,0,0.1
2093,8,0.1,0,0.1
2094,8,0.1,0,0.1
2095,8,0.1,0,0.1
2096,8,0.1,0,0.1
2097,12.6,0.1,0,0.1
2098,12.6,0.1,0,0.1
2099,12.6,0.1,0,0.1
2100,12.6,0.1,0,0.1
2101,15.7,0.1,0,0.1
2102,15.7,0.1,0,0.1
2103,15.7,0.1,0,0.1
2104,15.7,0.1,0,0.1
2105,17.1,0.1,0,0.1
2106,17.1,0.1,0,0.1
2107,17.1,0.1,0,0.1
2108,17.1,0.1,0,0.1
2109,16.7,0.1,0,0.1
2110,16.7,0.1,0,0.1
2111,16.7,0.1,0,0.1
2112,16.7,0.1,0,0.1
2113,13.5,0.1,0,0.1
2114,13.5,0.1,0,0.1
2115,13.5,0.1,0,0.1
2116,13.5,0.1,0,0.1
2117,11.5,0.1,0,0.1
2118,9.5,0.1,0,0.1
2119,9.5,0.1,0,0.1
2120,9.5,0.1,0,0.1
2121,9.5,0.1,0,0.1
2122,7.1,0.1,0,0.1
2123,4.7,0.1,0,0.1
2124,4.7,0.1,0,0.1
2125,4.7,0.1,0,0.1
2126,4.7,0.1,0,0.1
2127,3.15,0.1,0,0.1
2128,1.6,0.1,0,0.1
2129,1.6,0.1,0,0.1
2130,1.6,0.1,0,0.1
2131,1.6,0.1,0,0.1
2132,0.95,0.1,0,0.1
2133,0.3,0.1,0,0.1
2134,0.3,0.1,0,0.1
2135,0.3,0.1,0,0.1
2136,0.3,0.1,0,0.1
2137,1,0.1,0,0.1
2138,1,0.1,0,0.1
2139,1,0.1,0,0.1
2140,1,0.1,0,0.1
2141,4.1,0.1,0,0.1
2142,4.1,0.1,0,0.1
2143,4.1,0.1,0,0.1
2144,4.1,0.1,0,0.1
2145,8,0.1,0,0.1
2146,8,0.1,0,0.1
2147,8,0.1,0,0.1
2148,8,0.1,0,0.1
2149,12.6,0.1,0,0.1
2150,12.6,0.1,0,0.1
2151,12.6,0.1,0,0.1
2152,12.6,0.1,0,0.1
2153,15.7,0.1,0,0.1
2154,15.7,0.1,0,0.1
2155,15.7,0.1,0,0.1
2156,15.7,0.1,0,0.1
2157,17.1,0.1,0,0.1
2158,17.1,0.1,0,0.1
2159,17.1,0.1,0,0.1
2160,17.1,0.1,0,0.1
2161,16.7,0.1,0,0.1
2162,16.7,0.1,0,0.1
2163,16.7,0.1,0,0.1
2164,16.7,0.1,0,0.1
2165,13.5,0.1,0,0.1
2166,13.5,0.1,0,0.1
2167,13.5,0.1,0,0.1
2168,13.5,0.1,0,0.1
2169,11.5,0.1,0,0.1
2170,9.5,0.1,0,0.1
2171,9.5,0.1,0,0.1
2172,9.5,0.1,0,0.1
2173,9.5,0.1,0,0.1
2174,7.1,0.1,0,0.1
2175,4.7,0.1,0,0.1
2176,4.7,0.1,0,0.1
2177,4.7,0.1,0,0.1
2178,4.7,0.1,0,0.1
2179,3.15,0.1,0,0.1
2180,1.6,0.1,0,0.1
2181,1.6,0.1,0,0.1
2182,1.6,0.1,0,0.1
2183,1.6,0.1,0,0.1
2184,0.95,0.1,0,0.1
2185,0.3,0.1,0,0.1
2186,0.3,0.1,0,0.1
2187,0.3,0.1,0,0.1
2188,0.3,0.1,0,0.1
2189,1,0.1,0,0.1
2190,1,0.1,0,0.1
2191,1,0.1,0,0.1
2192,1,0.1,0,0.1
2193,4.1,0.1,0,0.1
2194,4.1,0.1,0,0.1
2195,4.1,0.1,0,0.1
2196,4.1,0.1,0,0.1
2197,8,0.1,0,0.1
2198,8,0.1,0,0.1
2199,8,0.1,0,0.1
2200,8,0.1,0,0.1
2201,12.6,0.1,0,0.1
2202,12.6,0.1,0,0.1
2203,12.6,0.1,0,0.1
2204,12.6,0.1,0,0.1
2205,15.7,0.1,0,0.1
2206,15.7,0.1,0,0.1
2207,15.7,0.1,0,0.1
2208,15.7,0.1,0,0.1
2209,17.1,0.1,0,0.1
2210,17.1,0.1,0,0.1
2211,17.1,0.1,0,0.1
2212,17.1,0.1,0,0.1
2213,16.7,0.1,0,0.1
2214,16.7,0.1,0,0.1
2215,16.7,0.1,0,0.1
2216,16.7,0.1,0,0.1
2217,13.5,0.1,0,0.1
2218,13.5,0.1,0,0.1
2219,13.5,0.1,0,0.1
2220,13.5,0.1,0,0.1
2221,11.5,0.1,0,0.1
2222,9.5,0.1,0,0.1
2223,9.5,0.1,0,0.1
2224,9.5,0.1,0,0.1
2225,9.5,0.1,0,0.1
2226,7.1,0.1,0,0.1
2227,4.7,0.1,0,0.1
2228,4.7,0.1,0,0.1
2229,4.7,0.1,0,0.1
2230,4.7,0.1,0,0.1
2231,3.15,0.1,0,0.1
2232,1.6,0.1,0,0.1
2233,1.6,0.1,0,0.1
2234,1.6,0.1,0,0.1
2235,1.6,0.1,0,0.1
2236,0.95,0.1,0,0.1
2237,0.3,0.1,0,0.1
2238,0.3,0.1,0,0.1
2239,0.3,0.1,0,0.1
2240,0.3,0.1,0,0.1
2241,1,0.1,0,0.1
2242,1,0.1,0,0.1
2243,1,0.1,0,0.1
2244,1,0.1,0,0.1
2245,4.1,0.1,0,0.1
2246,4.1,0.1,0,0.1
2247,4.1,0.1,0,0.1
2248,4.1,0.1,0,0.1
2249,8,0.1,0,0.1
2250,8,0.1,0,0.1
2251,8,0.1,0,0.1
2252,8,0.1,0,0.1
2253,12.6,0.1,0,0.1
2254,12.6,0.1,0,0.1
2255,12.6,0.1,0,0.1
2256,12.6,0.1,0,0.1
2257,15.7,0.1,0,0.1
2258,15.7,0.1,0,0.1
2259,15.7,0.1,0,0.1
2260,15.7,0.1,0,0.1
2261,17.1,0.1,0,0.1
2262,17.1,0.1,0,0.1
2263,17.1,0.1,0,0.1
2264,17.1,0.1,0,0.1
2265,16.7,0.1,0,0.1
2266,16.7,0.1,0,0.1
2267,16.7,0.1,0,0.1
2268,16.7,0.1,0,0.1
2269,13.5,0.1,0,0.1
2270,13.5,0.1,0,0.1
2271,13.5,0.1,0,0.1
2272,13.5,0.1,0,0.1
2273,11.5,0.1,0,0.1
2274,9.5,0.1,0,0.1
2275,9.5,0.1,0,0.1
2276,9.5,0.1,0,0.1
2277,9.5,0.1,0,0.1
2278,7.1,0.1,0,0.1
2279,4.7,0.1,0,0.1
2280,4.7,0.1,0,0.1
2281,4.7,0.1,0,0.1
2282,4.7,0.1,0,0.1
2283,3.15,0.1,0,0.1
2284,1.6,0.1,0,0.1
2285,1.6,0.1,0,0.1
2286,1.6,0.1,0,0.1
2287,1.6,0.1,0,0.1
2288,0.95,0.1,0,0.1
2289,0.3,0.1,0,0.1
2290,0.3,0.1,0,0.1
2291,0.3,0.1,0,0.1
2292,0.3,0.1,0,0.1
2293,1,0.1,0,0.1
2294,1,0.1,0,0.1
2295,1,0.1,0,0.1
2296,1,0.1,0,0.1
2297,4.1,0.1,0,0.1
2298,4.1,0.1,0,0.1
2299,4.1,0.1,0,0.1
2300,4.1,0.1,0,0.1
2301,8,0.1,0,0.1
2302,8,0.1,0,0.1
2303,8,0.1,0,0.1
2304,8,0.1,0,0.1
2305,12.6,0.1,0,0.1
2306,12.6,0.1,0,0.1
2307,12.6,0.1,0,0.1
2308,12.6,0.1,0,0.1
2309,15.7,0.1,0,0.1
2310,15.7,0.1,0,0.1
2311,15.7,0.1,0,0.1
2312,15.7,0.1,0,0.1
2313,17.1,0.1,0,0.1
2314,17.1,0.1,0,0.1
2315,17.1,0.1,0,0.1
2316,17.1,0.1,0,0.1
2317,16.7,0.1,0,0.1
2318,16.7,0.1,0,0.1
2319,16.7,0.1,0,0.1
2320,16.7,0.1,0,0.1
2321,13.5,0.1,0,0.1
2322,13.5,0.1,0,0.1
2323,13.5,0.1,0,0.1
2324,13.5,0.1,0,0.1
2325,11.5,0.1,0,0.1
2326,9.5,0.1,0,0.1
2327,9.5,0.1,0,0.1
2328,9.5,0.1,0,0.1
2329,9.5,0.1,0,0.1
2330,7.1,0.1,0,0.1
2331,4.7,0.1,0,0.1
2332,4.7,0.1,0,0.1
2333,4.7,0.1,0,0.1
2334,4.7,0.1,0,0.1
2335,3.15,0.1,0,0.1
2336,1.6,0.1,0,0.1
2337,1.6,0.1,0,0.1
2338,1.6,0.1,0,0.1
2339,1.6,0.1,0,0.1
2340,0.95,0.1,0,0.1
2341,0.3,0.1,0,0.1
2342,0.3,0.1,0,0.1
2343,0.3,0.1,0,0.1
2344,0.3,0.1,0,0.1
2345,1,0.1,0,0.1
2346,1,0.1,0,0.1
2347,1,0.1,0,0.1
2348,1,0.1,0,0.1
2349,4.1,0.1,0,0.1
2350,4.1,0.1,0,0.1
2351,4.1,0.1,0,0.1
2352,4.1,0.1,0,0.1
2353,8,0.1,0,0.1
2354,8,0.1,0,0.1
2355,8,0.1,0,0.1
2356,8,0.1,0,0.1
2357,12.6,0.1,0,0.1
2358,12.6,0.1,0,0.1
2359,12.6,0.1,0,0.1
2360,12.6,0.1,0,0.1
2361,15.7,0.1,0,0.1
2362,15.7,0.1,0,0.1
2363,15.7,0.1,0,0.1
2364,15.7,0.1,0,0.1
2365,17.1,0.1,0,0.1
2366,17.1,0.1,0,0.1
2367,17.1,0.1,0,0.1
2368,17.1,0.1,0,0.1
2369,16.7,0.1,0,0.1
2370,16.7,0.1,0,0.1
2371,16.7,0.1,0,0.1
2372,16.7,0.1,0,0.1
2373,13.5,0.1,0,0.1
2374,13.5,0.1,0,0.1
2375,13.5,0.1,0,0.1
2376,13.5,0.1,0,0.1
2377,11.5,0.1,0,0.1
2378,9.5,0.1,0,0.1
2379,9.5,0.1,0,0.1
2380,9.5,0.1,0,0.1
2381,9.5,0.1,0,0.1
2382,7.1,0.1,0,0.1
2383,4.7,0.1,0,0.1
2384,4.7,0.1,0,0.1
2385,4.7,0.1,0,0.1
2386,4.7,0.1,0,0.1
2387,3.15,0.1,0,0.1
2388,1.6,0.1,0,0.1
2389,1.6,0.1,0,0.1
2390,1.6,0.1,0,0.1
2391,1.6,0.1,0,0.1
2392,0.95,0.1,0,0.1
2393,0.3,0.1,0,0.1
2394,0.3,0.1,0,0.1
2395,0.3,0.1,0,0.1
2396,0.3,0.1,0,0.1
2397,1,0.1,0,0.1
2398,1,0.1,0,0.1
2399,1,0.1,0,0.1
2400,1,0.1,0,0.1
2401,4.1,0.1,0,0.1
2402,4.1,0.1,0,0.1
2403,4.1,0.1,0,0.1
2404,4.1,0.1,0,0.1
2405,8,0.1,0,0.1
2406,8,0.1,0,0.1
2407,8,0.1,0,0.1
2408,8,0.1,0,0.1
2409,12.6,0.1,0,0.1
2410,12.6,0.1,0,0.1
2411,12.6,0.1,0,0.1
2412,12.6,0.1,0,0.1
2413,15.7,0.1,0,0.1
2414,15.7,0.1,0,0.1
2415,15.7,0.1,0,0.1
2416,15.7,0.1,0,0.1
2417,17.1,0.1,0,0.1
2418,17.1,0.1,0,0.1
2419,17.1,0.1,0,0.1
2420,17.1,0.1,0,0.1
2421,16.7,0.1,0,0.1
2422,16.7,0.1,0,0.1
2423,16.7,0.1,0,0.1
2424,16.7,0.1,0,0.1
2425,13.5,0.1,0,0.1
2426,13.5,0.1,0,0.1
2427,13.5,0.1,0,0.1
2428,13.5,0.1,0,0.1
2429,11.5,0.1,0,0.1
2430,9.5,0.1,0,0.1
2431,9.5,0.1,0,0.1
2432,9.5,0.1,0,0.1
2433,9.5,0.1,0,0.1
2434,7.1,0.1,0,0.1
2435,4.7,0.1,0,0.1
2436,4.7,0.1,0,0.1
2437,4.7,0.1,0,0.1
2438,4.7,0.1,0,0.1
2439,3.15,0.1,0,0.1
2440,1.6,0.1,0,0.1
2441,1.6,0.1,0,0.1
2442,1.6,0.1,0,0.1
2443,1.6,0.1,0,0.1
2444,0.95,0.1,0,0.1
2445,0.3,0.1,0,0.1
2446,0.3,0.1,0,0.1
2447,0.3,0.1,0,0.1
2448,0.3,0.1,0,0.1
2449,1,0.1,0,0.1
2450,1,0.1,0,0.1
2451,1,0.1,0,0.1
2452,1,0.1,0,0.1
2453,4.1,0.1,0,0.1
2454,4.1,0.1,0,0.1
2455,4.1,0.1,0,0.1
2456,4.1,0.1,0,0.1
2457,8,0.1,0,0.1
2458,8,0.1,0,0.1
2459,8,0.1,0,0.1
2460,8,0.1,0,0.1
2461,12.6,0.1,0,0.1
2462,12.6,0.1,0,0.1
2463,12.6,0.1,0,0.1
2464,12.6,0.1,0,0.1
2465,15.7,0.1,0,0.1
2466,15.7,0.1,0,0.1
2467,15.7,0.1,0,0.1
2468,15.7,0.1,0,0.1
2469,17.1,0.1,0,0.1
2470,17.1,0.1,0,0.1
2471,17.1,0.1,0,0.1
2472,17.1,0.1,0,0.1
2473,16.7,0.1,0,0.1
2474,16.7,0.1,0,0.1
2475,16.7,0.1,0,0.1
2476,16.7,0.1,0,0.1
2477,13.5,0.1,0,0.1
2478,13.5,0.1,0,0.1
2479,13.5,0.1,0,0.1
2480,13.5,0.1,0,0.1
2481,11.5,0.1,0,0.1
2482,9.5,0.1,0,0.1
2483,9.5,0.1,0,0.1
2484,9.5,0.1,0,0.1
2485,9.5,0.1,0,0.1
2486,7.1,0.1,0,0.1
2487,4.7,0.1,0,0.1
2488,4.7,0.1,0,0.1
2489,4.7,0.1,0,0.1
2490,4.7,0.1,0,0.1
2491,3.15,0.1,0,0.1
2492,1.6,0.1,0,0.1
2493,1.6,0.1,0,0.1
2494,1.6,0.1,0,0.1
2495,1.6,0.1,0,0.1
2496,0.95,0.1,0,0.1
2497,0.3,0.1,0,0.1
2498,0.3,0.1,0,0.1
2499,0.3,0.1,0,0.1
2500,0.3,0.1,0,0.1
2501,1,0.1,0,0.1
2502,1,0.1,0,0.1
2503,1,0.1,0,0.1
2504,1,0.1,0,0.1
2505,4.1,0.1,0,0.1
2506,4.1,0.1,0,0.1
2507,4.1,0.1,0,0.1
2508,4.1,0.1,0,0.1
2509,8,0.1,0,0.1
2510,8,0.1,0,0.1
2511,8,0.1,0,0.1
2512,8,0.1,0,0.1
2513,12.6,0.1,0,0.1
2514,12.6,0.1,0,0.1
2515,12.6,0.1,0,0.1
2516,12.6,0.1,0,0.1
2517,15.7,0.1,0,0.1
2518,15.7,0.1,0,0.1
2519,15.7,0.1,0,0.1
2520,15.7,0.1,0,0.1
2521,17.1,0.1,0,0.1
2522,17.1,0.1,0,0.1
2523,17.1,0.1,0,0.1
2524,17.1,0.1,0,0.1
2525,16.7,0.1,0,0.1
2526,16.7,0.1,0,0.1
2527,16.7,0.1,0,0.1
2528,16.7,0.1,0,0.1
2529,13.5,0.1,0,0.1
2530,13.5,0.1,0,0.1
2531,13.5,0.1,0,0.1
2532,13.5,0.1,0,0.1
2533,11.5,0.1,0,0.1
2534,9.5,0.1,0,0.1
2535,9.5,0.1,0,0.1
2536,9.5,0.1,0,0.1
2537,9.5,0.1,0,0.1
2538,7.1,0.1,0,0.1
2539,4.7,0.1,0,0.1
2540,4.7,0.1,0,0.1
2541,4.7,0.1,0,0.1
2542,4.7,0.1,0,0.1
2543,3.15,0.1,0,0.1
2544,1.6,0.1,0,0.1
2545,1.6,0.1,0,0.1
2546,1.6,0.1,0,0.1
2547,1.6,0.1,0,0.1
2548,0.95,0.1,0,0.1
2549,0.3,0.1,0,0.1
2550,0.3,0.1,0,0.1
2551,0.3,0.1,0,0.1
2552,0.3,0.1,0,0.1
2553,1,0.1,0,0.1
2554,1,0.1,0,0.1
2555,1,0.1,0,0.1
2556,1,0.1,0,0.1
2557,4.1,0.1,0,0.1
2558,4.1,0.1,0,0.1
2559,4.1,0.1,0,0.1
2560,4.1,0.1,0,0.1
2561,8,0.1,0,0.1
2562,8,0.1,0,0.1
2563,8,0.1,0,0.1
2564,8,0.1,0,0.1
2565,12.6,0.1,0,0.1
2566,12.6,0.1,0,0.1
2567,12.6,0.1,0,0.1
2568,12.6,0.1,0,0.1
2569,15.7,0.1,0,0.1
2570,15.7,0.1,0,0.1
2571,15.7,0.1,0,0.1
2572,15.7,0.1,0,0.1
2573,17.1,0.1,0,0.1
2574,17.1,0.1,0,0.1
2575,17.1,0.1,0,0.1
2576,17.1,0.1,0,0.1
2577,16.7,0.1,0,0.1
2578,16.7,0.1,0,0.1
2579,16.7,0.1,0,0.1
2580,16.7,0.1,0,0.1
2581,13.5,0.1,0,0.1
2582,13.5,0.1,0,0.1
2583,13.5,0.1,0,0.1
2584,13.5,0.1,0,0.1
2585,11.5,0.1,0,0.1
2586,9.5,0.1,0,0.1
2587,9.5,0.1,0,0.1
2588,9.5,0.1,0,0.1
2589,9.5,0.1,0,0.1
2590,7.1,0.1,0,0.1
2591,4.7,0.1,0,0.1
2592,4.7,0.1,0,0.1
2593,4.7,0.1,0,0.1
2594,4.7,0.1,0,0.1
2595,3.15,0.1,0,0.1
2596,1.6,0.1,0,0.1
2597,1.6,0.1,0,0.1
2598,1.6,0.1,0,0.1
2599,1.6,0.1,0,0.1
2600,0.95,0.1,0,0.1
2601,0.3,0.1,0,0.1
2602,0.3,0.1,0,0.1
2603,0.3,0.1,0,0.1
2604,0.3,0.1,0,0.1
2605,1,0.1,0,0.1
2606,1,0.1,0,0.1
2607,1,0.1,0,0.1
2608,1,0.1,0,0.1
2609,4.1,0.1,0,0.1
2610,4.1,0.1,0,0.1
2611,4.1,0.1,0,0.1
2612,4.1,0.1,0,0.1
2613,8,0.1,0,0.1
2614,8,0.1,0,0.1
2615,8,0.1,0,0.1
2616,8,0.1,0,0.1
2617,12.6,0.1,0,0.1
2618,12.6,0.1,0,0.1
2619,12.6,0.1,0,0.1
2620,12.6,0.1,0,0.1
2621,15.7,0.1,0,0.1
2622,15.7,0.1,0,0.1
2623,15.7,0.1,0,0.1
2624,15.7,0.1,0,0.1
2625,17.1,0.1,0,0.1
2626,17.1,0.1,0,0.1
2627,17.1,0.1,0,0.1
2628,17.1,0.1,0,0.1
2629,16.7,0.1,0,0.1
2630,16.7,0.1,0,0.1
2631,16.7,0.1,0,0.1
2632,16.7,0.1,0,0.1
2633,13.5,0.1,0,0.1
2634,13.5,0.1,0,0.1
2635,13.5,0.1,0,0.1
2636,13.5,0.1,0,0.1
2637,11.5,0.1,0,0.1
2638,9.5,0.1,0,0.1
2639,9.5,0.1,0,0.1
2640,9.5,0.1,0,0.1
2641,9.5,0.1,0,0.1
2642,7.1,0.1,0,0.1
2643,4.7,0.1,0,0.1
2644,4.7,0.1,0,0.1
2645,4.7,0.1,0,0.1
2646,4.7,0.1,0,0.1
2647,3.15,0.1,0,0.1
2648,1.6,0.1,0,0.1
2649,1.6,0.1,0,0.1
2650,1.6,0.1,0,0.1
2651,1.6,0.1,0,0.1
2652,0.95,0.1,0,0.1
2653,0.3,0.1,0,0.1
2654,0.3,0.1,0,0.1
2655,0.3,0.1,0,0.1
2656,0.3,0.1,0,0.1
2657,1,0.1,0,0.1
2658,1,0.1,0,0.1
2659,1,0.1,0,0.1
2660,1,0.1,0,0.1
2661,4.1,0.1,0,0.1
2662,4.1,0.1,0,0.1
2663,4.1,0.1,0,0.1
2664,4.1,0.1,0,0.1
2665,8,0.1,0,0.1
2666,8,0.1,0,0.1
2667,8,0.1,0,0.1
2668,8,0.1,0,0.1
2669,12.6,0.1,0,0.1
2670,12.6,0.1,0,0.1
2671,12.6,0.1,0,0.1
2672,12.6,0.1,0,0.1
2673,15.7,0.1,0,0.1
2674,15.7,0.1,0,0.1
2675,15.7,0.1,0,0.1
2676,15.7,0.1,0,0.1
2677,17.1,0.1,0,0.1
2678,17.1,0.1,0,0.1
2679,17.1,0.1,0,0.1
2680,17.1,0.1,0,0.1
2681,16.7,0.1,0,0.1
2682,16.7,0.1,0,0.1
2683,16.7,0.1,0,0.1
2684,16.7,0.1,0,0.1
2685,13.5,0.1,0,0.1
2686,13.5,0.1,0,0.1
2687,13.5,0.1,0,0.1
2688,13.5,0.1,0,0.1
2689,11.5,0.1,0,0.1
2690,9.5,0.1,0,0.1
2691,9.5,0.1,0,0.1
2692,9.5,0.1,0,0.1
2693,9.5,0.1,0,0.1
2694,7.1,0.1,0,0.1
2695,4.7,0.1,0,0.1
2696,4.7,0.1,0,0.1
2697,4.7,0.1,0,0.1
2698,4.7,0.1,0,0.1
2699,3.15,0.1,0,0.1
2700,1.6,0.1,0,0.1
2701,1.6,0.1,0,0.1
2702,1.6,0.1,0,0.1
2703,1.6,0.1,0,0.1
2704,0.95,0.1,0,0.1
2705,0.3,0.1,0,0.1
2706,0.3,0.1,0,0.1
2707,0.3,0.1,0,0.1
2708,0.3,0.1,0,0.1
2709,1,0.1,0,0.1
2710,1,0.1,0,0.1
2711,1,0.1,0,0.1
2712,1,0.1,0,0.1
2713,4.1,0.1,0,0.1
2714,4.1,0.1,0,0.1
2715,4.1,0.1,0,0.1
2716,4.1,0.1,0,0.1
2717,8,0.1,0,0.1
2718,8,0.1,0,0.1
2719,8,0.1,0,0.1
2720,8,0.1,0,0.1
2721,12.6,0.1,0,0.1
2722,12.6,0.1,0,0.1
2723,12.6,0.1,0,0.1
2724,12.6,0.1,0,0.1
2725,15.7,0.1,0,0.1
2726,15.7,0.1,0,0.1
2727,15.7,0.1,0,0.1
2728,15.7,0.1,0,0.1
2729,17.1,0.1,0,0.1
2730,17.1,0.1,0,0.1
2731,17.1,0.1,0,0.1
2732,17.1,0.1,0,0.1
2733,16.7,0.1,0,0.1
2734,16.7,0.1,0,0.1
2735,16.7,0.1,0,0.1
2736,16.7,0.1,0,0.1
2737,13.5,0.1,0,0.1
2738,13.5,0.1,0,0.1
2739,13.5,0.1,0,0.1
2740,13.5,0.1,0,0.1
2741,11.5,0.1,0,0.1
2742,9.5,0.1,0,0.1
2743,9.5,0.1,0,0.1
2744,9.5,0.1,0,0.1
2745,9.5,0.1,0,0.1
2746,7.1,0.1,0,0.1
2747,4.7,0.1,0,0.1
2748,4.7,0.1,0,0.1
2749,4.7,0.1,0,0.1
2750,4.7,0.1,0,0.1
2751,3.15,0.1,0,0.1
2752,1.6,0.1,0,0.1
2753,1.6,0.1,0,0.1
2754,1.6,0.1,0,0.1
2755,1.6,0.1,0,0.1
2756,0.95,0.1,0,0.1
2757,0.3,0.1,0,0.1
2758,0.3,0.1,0,0.1
2759,0.3,0.1,0,0.1
2760,0.3,0.1,0,0.1
2761,1,0.1,0,0.1
2762,1,0.1,0,0.1
2763,1,0.1,0,0.1
2764,1,0.1,0,0.1
2765,4.1,0.1,0,0.1
2766,4.1,0.1,0,0.1
2767,4.1,0.1,0,0.1
2768,4.1,0.1,0,0.1
2769,8,0.1,0,0.1
2770,8,0.1,0,0.1
2771,8,0.1,0,0.1
2772,8,0.1,0,0.1
2773,12.6,0.1,0,0.1
2774,12.6,0.1,0,0.1
2775,12.6,0.1,0,0.1
2776,12.6,0.1,0,0.1
2777,15.7,0.1,0,0.1
2778,15.7,0.1,0,0.1
2779,15.7,0.1,0,0.1
2780,15.7,0.1,0,0.1
2781,17.1,0.1,0,0.1
2782,17.1,0.1,0,0.1
2783,17.1,0.1,0,0.1
2784,17.1,0.1,0,0.1
2785,16.7,0.1,0,0.1
2786,16.7,0.1,0,0.1
2787,16.7,0.1,0,0.1
2788,16.7,0.1,0,0.1
2789,13.5,0.1,0,0.1
2790,13.5,0.1,0,0.1
2791,13.5,0.1,0,0.1
2792,13.5,0.1,0,0.1
2793,11.5,0.1,0,0.1
2794,9.5,0.1,0,0.1
2795,9.5,0.1,0,0.1
2796,9.5,0.1,0,0.1
2797,9.5,0.1,0,0.1
2798,7.1,0.1,0,0.1
2799,4.7,0.1,0,0.1
2800,4.7,0.1,0,0.1
2801,4.7,0.1,0,0.1
2802,4.7,0.1,0,0.1
2803,3.15,0.1,0,0.1
2804,1.6,0.1,0,0.1
2805,1.6,0.1,0,0.1
2806,1.6,0.1,0,0.1
2807,1.6,0.1,0,0.1
2808,0.95,0.1,0,0.1
2809,0.3,0.1,0,0.1
2810,0.3,0.1,0,0.1
2811,0.3,0.1,0,0.1
2812,0.3,0.1,0,0.1
2813,1,0.1,0,0.1
2814,1,0.1,0,0.1
2815,1,0.1,0,0.1
2816,1,0.1,0,0.1
2817,4.1,0.1,0,0.1
2818,4.1,0.1,0,0.1
2819,4.1,0.1,0,0.1
2820,4.1,0.1,0,0.1
2821,8,0.1,0,0.1
2822,8,0.1,0,0.1
2823,8,0.1,0,0.1
2824,8,0.1,0,0.1
2825,12.6,0.1,0,0.1
2826,12.6,0.1,0,0.1
2827,12.6,0.1,0,0.1
2828,12.6,0.1,0,0.1
2829,15.7,0.1,0,0.1
2830,15.7,0.1,0,0.1
2831,15.7,0.1,0,0.1
2832,15.7,0.1,0,0.1
2833,17.1,0.1,0,0.1
2834,17.1,0.1,0,0.1
2835,17.1,0.1,0,0.1
2836,17.1,0.1,0,0.1
2837,16.7,0.1,0,0.1
2838,16.7,0.1,0,0.1
2839,16.7,0.1,0,0.1
2840,16.7,0.1,0,0.1
2841,13.5,0.1,0,0.1
2842,13.5,0.1,0,0.1
2843,13.5,0.1,0,0.1
2844,13.5,0.1,0,0.1
2845,11.5,0.1,0,0.1
2846,9.5,0.1,0,0.1
2847,9.5,0.1,0,0.1
2848,9.5,0.1,0,0.1
2849,9.5,0.1,0,0.1
2850,7.1,0.1,0,0.1
2851,4.7,0.1,0,0.1
2852,4.7,0.1,0,0.1
2853,4.7,0.1,0,0.1
2854,4.7,0.1,0,0.1
2855,3.15,0.1,0,0.1
2856,1.6,0.1,0,0.1
2857,1.6,0.1,0,0.1
2858,1.6,0.1,0,0.1
2859,1.6,0.1,0,0.1
2860,0.95,0.1,0,0.1
2861,0.3,0.1,0,0.1
2862,0.3,0.1,0,0.1
2863,0.3,0.1,0,0.1
2864,0.3,0.1,0,0.1
2865,1,0.1,0,0.1
2866,1,0.1,0,0.1
2867,1,0.1,0,0.1
2868,1,0.1,0,0.1
2869,4.1,0.1,0,0.1
2870,4.1,0.1,0,0.1
2871,4.1,0.1,0,0.1
2872,4.1,0.1,0,0.1
2873,8,0.1,0,0.1
2874,8,0.1,0,0.1
2875,8,0.1,0,0.1
2876,8,0.1,0,0.1
2877,12.6,0.1,0,0.1
2878,12.6,0.1,0,0.1
2879,12.6,0.1,0,0.1
2880,12.6,0.1,0,0.1
2881,15.7,0.1,0,0.1
2882,15.7,0.1,0,0.1
2883,15.7,0.1,0,0.1
2884,15.7,0.1,0,0.1
2885,17.1,0.1,0,0.1
2886,17.1,0.1,0,0.1
2887,17.1,0.1,0,0.1
2888,17.1,0.1,0,0.1
2889,16.7,0.1,0,0.1
2890,16.7,0.1,0,0.1
2891,16.7,0.1,0,0.1
2892,16.7,0.1,0,0.1
2893,13.5,0.1,0,0.1
2894,13.5,0.1,0,0.1
2895,13.5,0.1,0,0.1
2896,13.5,0.1,0,0.1
2897,11.5,0.1,0,0.1
2898,9.5,0.1,0,0.1
2899,9.5,0.1,0,0.1
2900,9.5,0.1,0,0.1
2901,9.5,0.1,0,0.1
2902,7.1,0.1,0,0.1
2903,4.7,0.1,0,0.1
2904,4.7,0.1,0,0.1
2905,4.7,0.1,0,0.1
2906,4.7,0.1,0,0.1
2907,3.15,0.1,0,0.1
2908,1.6,0.1,0,0.1
2909,1.6,0.1,0,0.1
2910,1.6,0.1,0,0.1
2911,1.6,0.1,0,0.1
2912,0.95,0.1,0,0.1
2913,0.3,0.1,0,0.1
2914,0.3,0.1,0,0.1
2915,0.3,0.1,0,0.1
2916,0.3,0.1,0,0.1
2917,1,0.1,0,0.1
2918,1,0.1,0,0.1
2919,1,0.1,0,0.1
2920,1,0.1,0,0.1
2921,4.1,0.1,0,0.1
2922,4.1,0.1,0,0.1
2923,4.1,0.1,0,0.1
2924,4.1,0.1,0,0.1
2925,8,0.1,0,0.1
2926,8,0.1,0,0.1
2927,8,0.1,0,0.1
2928,8,0.1,0,0.1
2929,12.6,0.1,0,0.1
2930,12.6,0.1,0,0.1
2931,12.6,0.1,0,0.1
2932,12.6,0.1,0,0.1
2933,15.7,0.1,0,0.1
2934,15.7,0.1,0,0.1
2935,15.7,0.1,0,0.1
2936,15.7,0.1,0,0.1
2937,17.1,0.1,0,0.1
2938,17.1,0.1,0,0.1
2939,17.1,0.1,0,0.1
2940,17.1,0.1,0,0.1
2941,16.7,0.1,0,0.1
2942,16.7,0.1,0,0.1
2943,16.7,0.1,0,0.1
2944,16.7,0.1,0,0.1
2945,13.5,0.1,0,0.1
2946,13.5,0.1,0,0.1
2947,13.5,0.1,0,0.1
2948,13.5,0.1,0,0.1
2949,11.5,0.1,0,0.1
2950,9.5,0.1,0,0.1
2951,9.5,0.1,0,0.1
2952,9.5,0.1,0,0.1
2953,9.5,0.1,0,0.1
2954,7.1,0.1,0,0.1
2955,4.7,0.1,0,0.1
2956,4.7,0.1,0,0.1
2957,4.7,0.1,0,0.1
2958,4.7,0.1,0,0.1
2959,3.15,0.1,0,0.1
2960,1.6,0.1,0,0.1
2961,1.6,0.1,0,0.1
2962,1.6,0.1,0,0.1
2963,1.6,0.1,0,0.1
2964,0.95,0.1,0,0.1
2965,0.3,0.1,0,0.1
2966,0.3,0.1,0,0.1
2967,0.3,0.1,0,0.1
2968,0.3,0.1,0,0.1
2969,1,0.1,0,0.1
2970,1,0.1,0,0.1
2971,1,0.1,0,0.1
2972,1,0.1,0,0.1
2973,4.1,0.1,0,0.1
2974,4.1,0.1,0,0.1
2975,4.1,0.1,0,0.1
2976,4.1,0.1,0,0.1
2977,8,0.1,0,0.1
2978,8,0.1,0,0.1
2979,8,0.1,0,0.1
2980,8,0.1,0,0.1
2981,12.6,0.1,0,0.1
2982,12.6,0.1,0,0.1
2983,12.6,0.1,0,0.1
2984,12.6,0.1,0,0.1
2985,15.7,0.1,0,0.1
2986,15.7,0.1,0,0.1
2987,15.7,0.1,0,0.1
2988,15.7,0.1,0,0.1
2989,17.1,0.1,0,0.1
2990,17.1,0.1,0,0.1
2991,17.1,0.1,0,0.1
2992,17.1,0.1,0,0.1
2993,16.7,0.1,0,0.1
2994,16.7,0.1,0,0.1
2995,16.7,0.1,0,0.1
2996,16.7,0.1,0,0.1
2997,13.5,0.1,0,0.1
2998,13.5,0.1,0,0.1
2999,13.5,0.1,0,0.1
3000,13.5,0.1,0,0.1
3001,11.5,0.1,0,0.1
3002,9.5,0.1,0,0.1
3003,9.5,0.1,0,0.1
3004,9.5,0.1,0,0.1
3005,9.5,0.1,0,0.1
3006,7.1,0.1,0,0.1
3007,4.7,0.1,0,0.1
3008,4.7,0.1,0,0.1
3009,4.7,0.1,0,0.1
3010,4.7,0.1,0,0.1
3011,3.15,0.1,0,0.1
3012,1.6,0.1,0,0.1
3013,1.6,0.1,0,0.1
3014,1.6,0.1,0,0.1
3015,1.6,0.1,0,0.1
3016,0.95,0.1,0,0.1
3017,0.3,0.1,0,0.1
3018,0.3,0.1,0,0.1
3019,0.3,0.1,0,0.1
3020,0.3,0.1,0,0.1
3021,1,0.1,0,0.1
3022,1,0.1,0,0.1
3023,1,0.1,0,0.1
3024,1,0.1,0,0.1
3025,4.1,0.1,0,0.1
3026,4.1,0.1,0,0.1
3027,4.1,0.1,0,0.1
3028,4.1,0.1,0,0.1
3029,8,0.1,0,0.1
3030,8,0.1,0,0.1
3031,8,0.1,0,0.1
3032,8,0.1,0,0.1
3033,12.6,0.1,0,0.1
3034,12.6,0.1,0,0.1
3035,12.6,0.1,0,0.1
3036,12.6,0.1,0,0.1
3037,15.7,0.1,0,0.1
3038,15.7,0.1,0,0.1
3039,15.7,0.1,0,0.1
3040,15.7,0.1,0,0.1
3041,17.1,0.1,0,0.1
3042,17.1,0.1,0,0.1
3043,17.1,0.1,0,0.1
3044,17.1,0.1,0,0.1
3045,16.7,0.1,0,0.1
3046,16.7,0.1,0,0.1
3047,16.7,0.1,0,0.1
3048,16.7,0.1,0,0.1
3049,13.5,0.1,0,0.1
3050,13.5,0.1,0,0.1
3051,13.5,0.1,0,0.1
3052,13.5,0.1,0,0.1
3053,11.5,0.1,0,0.1
3054,9.5,0.1,0,0.1
3055,9.5,0.1,0,0.1
3056,9.5,0.1,0,0.1
3057,9.5,0.1,0,0.1
3058,7.1,0.1,0,0.1
3059,4.7,0.1,0,0.1
3060,4.7,0.1,0,0.1
3061,4.7,0.1,0,0.1
3062,4.7,0.1,0,0.1
3063,3.15,0.1,0,0.1
3064,1.6,0.1,0,0.1
3065,1.6,0.1,0,0.1
3066,1.6,0.1,0,0.1
3067,1.6,0.1,0,0.1
3068,0.95,0.1,0,0.1
3069,0.3,0.1,0,0.1
3070,0.3,0.1,0,0.1
3071,0.3,0.1,0,0.1
3072,0.3,0.1,0,0.1
3073,1,0.1,0,0.1
3074,1,0.1,0,0.1
3075,1,0.1,0,0.1
3076,1,0.1,0,0.1
3077,4.1,0.1,0,0.1
3078,4.1,0.1,0,0.1
3079,4.1,0.1,0,0.1
3080,4.1,0.1,0,0.1
3081,8,0.1,0,0.1
3082,8,0.1,0,0.1
3083,8,0.1,0,0.1
3084,8,0.1,0,0.1
3085,12.6,0.1,0,0.1
3086,12.6,0.1,0,0.1
3087,12.6,0.1,0,0.1
3088,12.6,0.1,0,0.1
3089,15.7,0.1,0,0.1
3090,15.7,0.1,0,0.1
3091,15.7,0.1,0,0.1
3092,15.7,0.1,0,0.1
3093,17.1,0.1,0,0.1
3094,17.1,0.1,0,0.1
3095,17.1,0.1,0,0.1
3096,17.1,0.1,0,0.1
3097,16.7,0.1,0,0.1
3098,16.7,0.1,0,0.1
3099,16.7,0.1,0,0.1
3100,16.7,0.1,0,0.1
3101,13.5,0.1,0,0.1
3102,13.5,0.1,0,0.1
3103,13.5,0.1,0,0.1
3104,13.5,0.1,0,0.1
3105,11.5,0.1,0,0.1
3106,9.5,0.1,0,0.1
3107,9.5,0.1,0,0.1
3108,9.5,0.1,0,0.1
3109,9.5,0.1,0,0.1
3110,7.1,0.1,0,0.1
3111,4.7,0.1,0,0.1
3112,4.7,0.1,0,0.1
3113,4.7,0.1,0,0.1
3114,4.7,0.1,0,0.1
3115,3.15,0.1,0,0.1
3116,1.6,0.1,0,0.1
3117,1.6,0.1,0,0.1
3118,1.6,0.1,0,0.1
3119,1.6,0.1,0,0.1
3120,0.95,0.1,0,0.1
3121,0.3,0.1,0,0.1
3122,0.3,0.1,0,0.1
3123,0.3,0.1,0,0.1
3124,0.3,0.1,0,0.1
3125,1,0.1,0,0.1
3126,1,0.1,0,0.1
3127,1,0.1,0,0.1
3128,1,0.1,0,0.1
3129,4.1,0.1,0,0.1
3130,4.1,0.1,0,0.1
3131,4.1,0.1,0,0.1
3132,4.1,0.1,0,0.1
3133,8,0.1,0,0.1
3134,8,0.1,0,0.1
3135,8,0.1,0,0.1
3136,8,0.1,0,0.1
3137,12.6,0.1,0,0.1
3138,12.6,0.1,0,0.1
3139,12.6,0.1,0,0.1
3140,12.6,0.1,0,0.1
3141,15.7,0.1,0,0.1
3142,15.7,0.1,0,0.1
3143,15.7,0.1,0,0.1
3144,15.7,0.1,0,0.1
3145,17.1,0.1,0,0.1
3146,17.1,0.1,0,0.1
3147,17.1,0.1,0,0.1
3148,17.1,0.1,0,0.1
3149,16.7,0.1,0,0.1
3150,16.7,0.1,0,0.1
3151,16.7,0.1,0,0.1
3152,16.7,0.1,0,0.1
3153,13.5,0.1,0,0.1
3154,13.5,0.1,0,0.1
3155,13.5,0.1,0,0.1
3156,13.5,0.1,0,0.1
3157,11.5,0.1,0,0.1
3158,9.5,0.1,0,0.1
3159,9.5,0.1,0,0.1
3160,9.5,0.1,0,0.1
3161,9.5,0.1,0,0.1
3162,7.1,0.1,0,0.1
3163,4.7,0.1,0,0.1
3164,4.7,0.1,0,0.1
3165,4.7,0.1,0,0.1
3166,4.7,0.1,0,0.1
3167,3.15,0.1,0,0.1
3168,1.6,0.1,0,0.1
3169,1.6,0.1,0,0.1
3170,1.6,0.1,0,0.1
3171,1.6,0.1,0,0.1
3172,0.95,0.1,0,0.1
3173,0.3,0.1,0,0.1
3174,0.3,0.1,0,0.1
3175,0.3,0.1,0,0.1
3176,0.3,0.1,0,0.1
3177,1,0.1,0,0.1
3178,1,0.1,0,0.1
3179,1,0.1,0,0.1
3180,1,0.1,0,0.1
3181,4.1,0.1,0,0.1
3182,4.1,0.1,0,0.1
3183,4.1,0.1,0,0.1
3184,4.1,0.1,0,0.1
3185,8,0.1,0,0.1
3186,8,0.1,0,0.1
3187,8,0.1,0,0.1
3188,8,0.1,0,0.1
3189,12.6,0.1,0,0.1
3190,12.6,0.1,0,0.1
3191,12.6,0.1,0,0.1
3192,12.6,0.1,0,0.1
3193,15.7,0.1,0,0.1
3194,15.7,0.1,0,0.1
3195,15.7,0.1,0,0.1
3196,15.7,0.1,0,0.1
3197,17.1,0.1,0,0.1
3198,17.1,0.1,0,0.1
3199,17.1,0.1,0,0.1
3200,17.1,0.1,0,0.1
3201,16.7,0.1,0,0.1
3202,16.7,0.1,0,0.1
3203,16.7,0.1,0,0.1
3204,16.7,0.1,0,0.1
3205,13.5,0.1,0,0.1
3206,13.5,0.1,0,0.1
3207,13.5,0.1,0,0.1
3208,13.5,0.1,0,0.1
3209,11.5,0.1,0,0.1
3210,9.5,0.1,0,0.1
3211,9.5,0.1,0,0.1
3212,9.5,0.1,0,0.1
3213,9.5,0.1,0,0.1
3214,7.1,0.1,0,0.1
3215,4.7,0.1,0,0.1
3216,4.7,0.1,0,0.1
3217,4.7,0.1,0,0.1
3218,4.7,0.1,0,0.1
3219,3.15,0.1,0,0.1
3220,1.6,0.1,0,0.1
3221,1.6,0.1,0,0.1
3222,1.6,0.1,0,0.1
3223,1.6,0.1,0,0.1
3224,0.95,0.1,0,0.1
3225,0.3,0.1,0,0.1
3226,0.3,0.1,0,0.1
3227,0.3,0.1,0,0.1
3228,0.3,0.1,0,0.1
3229,1,0.1,0,0.1
3230,1,0.1,0,0.1
3231,1,0.1,0,0.1
3232,1,0.1,0,0.1
3233,4.1,0.1,0,0.1
3234,4.1,0.1,0,0.1
3235,4.1,0.1,0,0.1
3236,4.1,0.1,0,0.1
3237,8,0.1,0,0.1
3238,8,0.1,0,0.1
3239,8,0.1,0,0.1
3240,8,0.1,0,0.1
3241,12.6,0.1,0,0.1
3242,12.6,0.1,0,0.1
3243,12.6,0.1,0,0.1
3244,12.6,0.1,0,0.1
3245,15.7,0.1,0,0.1
3246,15.7,0.1,0,0.1
3247,15.7,0.1,0,0.1
3248,15.7,0.1,0,0.1
3249,17.1,0.1,0,0.1
3250,17.1,0.1,0,0.1
3251,17.1,0.1,0,0.1
3252,17.1,0.1,0,0.1
3253,16.7,0.1,0,0.1
3254,16.7,0.1,0,0.1
3255,16.7,0.1,0,0.1
3256,16.7,0.1,0,0.1
3257,13.5,0.1,0,0.1
3258,13.5,0.1,0,0.1
3259,13.5,0.1,0,0.1
3260,13.5,0.1,0,0.1
3261,11.5,0.1,0,0.1
3262,9.5,0.1,0,0.1
3263,9.5,0.1,0,0.1
3264,9.5,0.1,0,0.1
3265,9.5,0.1,0,0.1
3266,7.1,0.1,0,0.1
3267,4.7,0.1,0,0.1
3268,4.7,0.1,0,0.1
3269,4.7,0.1,0,0.1
3270,4.7,0.1,0,0.1
3271,3.15,0.1,0,0.1
3272,1.6,0.1,0,0.1
3273,1.6,0.1,0,0.1
3274,1.6,0.1,0,0.1
3275,1.6,0.1,0,0.1
3276,0.95,0.1,0,0.1
3277,0.3,0.1,0,0.1
3278,0.3,0.1,0,0.1
3279,0.3,0.1,0,0.1
3280,0.3,0.1,0,0.1
3281,1,0.1,0,0.1
3282,1,0.1,0,0.1
3283,1,0.1,0,0.1
3284,1,0.1,0,0.1
3285,4.1,0.1,0,0.1
3286,4.1,0.1,0,0.1
3287,4.1,0.1,0,0.1
3288,4.1,0.1,0,0.1
3289,8,0.1,0,0.1
3290,8,0.1,0,0.1
3291,8,0.1,0,0.1
3292,8,0.1,0,0.1
3293,12.6,0.1,0,0.1
3294,12.6,0.1,0,0.1
3295,12.6,0.1,0,0.1
3296,12.6,0.1,0,0.1
3297,15.7,0.1,0,0.1
3298,15.7,0.1,0,0.1
3299,15.7,0.1,0,0.1
3300,15.7,0.1,0,0.1
3301,17.1,0.1,0,0.1
3302,17.1,0.1,0,0.1
3303,17.1,0.1,0,0.1
3304,17.1,0.1,0,0.1
3305,16.7,0.1,0,0.1
3306,16.7,0.1,0,0.1
3307,16.7,0.1,0,0.1
3308,16.7,0.1,0,0.1
3309,13.5,0.1,0,0.1
3310,13.5,0.1,0,0.1
3311,13.5,0.1,0,0.1
3312,13.5,0.1,0,0.1
3313,11.5,0.1,0,0.1
3314,9.5,0.1,0,0.1
3315,9.5,0.1,0,0.1
3316,9.5,0.1,0,0.1
3317,9.5,0.1,0,0.1
3318,7.1,0.1,0,0.1
3319,4.7,0.1,0,0.1
3320,4.7,0.1,0,0.1
3321,4.7,0.1,0,0.1
3322,4.7,0.1,0,0.1
3323,3.15,0.1,0,0.1
3324,1.6,0.1,0,0.1
3325,1.6,0.1,0,0.1
3326,1.6,0.1,0,0.1
3327,1.6,0.1,0,0.1
3328,0.95,0.1,0,0.1
3329,0.3,0.1,0,0.1
3330,0.3,0.1,0,0.1
3331,0.3,0.1,0,0.1
3332,0.3,0.1,0,0.1
3333,1,0.1,0,0.1
3334,1,0.1,0,0.1
3335,1,0.1,0,0.1
3336,1,0.1,0,0.1
3337,4.1,0.1,0,0.1
3338,4.1,0.1,0,0.1
3339,4.1,0.1,0,0.1
3340,4.1,0.1,0,0.1
3341,8,0.1,0,0.1
3342,8,0.1,0,0.1
3343,8,0.1,0,0.1
3344,8,0.1,0,0.1
3345,12.6,0.1,0,0.1
3346,12.6,0.1,0,0.1
3347,12.6,0.1,0,0.1
3348,12.6,0.1,0,0.1
3349,15.7,0.1,0,0.1
3350,15.7,0.1,0,0.1
3351,15.7,0.1,0,0.1
3352,15.7,0.1,0,0.1
3353,17.1,0.1,0,0.1
3354,17.1,0.1,0,0.1
3355,17.1,0.1,0,0.1
3356,17.1,0.1,0,0.1
3357,16.7,0.1,0,0.1
3358,16.7,0.1,0,0.1
3359,16.7,0.1,0,0.1
3360,16.7,0.1,0,0.1
3361,13.5,0.1,0,0.1
3362,13.5,0.1,0,0.1
3363,13.5,0.1,0,0.1
3364,13.5,0.1,0,0.1
3365,11.5,0.1,0,0.1
3366,9.5,0.1,0,0.1
3367,9.5,0.1,0,0.1
3368,9.5,0.1,0,0.1
3369,9.5,0.1,0,0.1
3370,7.1,0.1,0,0.1
3371,4.7,0.1,0,0.1
3372,4.7,0.1,0,0.1
3373,4.7,0.1,0,0.1
3374,4.7,0.1,0,0.1
3375,3.15,0.1,0,0.1
3376,1.6,0.1,0,0.1
3377,1.6,0.1,0,0.1
3378,1.6,0.1,0,0.1
3379,1.6,0.1,0,0.1
3380,0.95,0.1,0,0.1
3381,0.3,0.1,0,0.1
3382,0.3,0.1,0,0.1
3383,0.3,0.1,0,0.1
3384,0.3,0.1,0,0.1
3385,1,0.1,0,0.1
3386,1,0.1,0,0.1
3387,1,0.1,0,0.1
3388,1,0.1,0,0.1
3389,4.1,0.1,0,0.1
3390,4.1,0.1,0,0.1
3391,4.1,0.1,0,0.1
3392,4.1,0.1,0,0.1
3393,8,0.1,0,0.1
3394,8,0.1,0,0.1
3395,8,0.1,0,0.1
3396,8,0.1,0,0.1
3397,12.6,0.1,0,0.1
3398,12.6,0.1,0,0.1
3399,12.6,0.1,0,0.1
3400,12.6,0.1,0,0.1
3401,15.7,0.1,0,0.1
3402,15.7,0.1,0,0.1
3403,15.7,0.1,0,0.1
3404,15.7,0.1,0,0.1
3405,17.1,0.1,0,0.1
3406,17.1,0.1,0,0.1
3407,17.1,0.1,0,0.1
3408,17.1,0.1,0,0.1
3409,16.7,0.1,0,0.1
3410,16.7,0.1,0,0.1
3411,16.7,0.1,0,0.1
3412,16.7,0.1,0,0.1
3413,13.5,0.1,0,0.1
3414,13.5,0.1,0,0.1
3415,13.5,0.1,0,0.1
3416,13.5,0.1,0,0.1
3417,11.5,0.1,0,0.1
3418,9.5,0.1,0,0.1
3419,9.5,0.1,0,0.1
3420,9.5,0.1,0,0.1
3421,9.5,0.1,0,0.1
3422,7.1,0.1,0,0.1
3423,4.7,0.1,0,0.1
3424,4.7,0.1,0,0.1
3425,4.7,0.1,0,0.1
3426,4.7,0.1,0,0.1
3427,3.15,0.1,0,0.1
3428,1.6,0.1,0,0.1
3429,1.6,0.1,0,0.1
3430,1.6,0.1,0,0.1
3431,1.6,0.1,0,0.1
3432,0.95,0.1,0,0.1
3433,0.3,0.1,0,0.1
3434,0.3,0.1,0,0.1
3435,0.3,0.1,0,0.1
3436,0.3,0.1,0,0.1
3437,1,0.1,0,0.1
3438,1,0.1,0,0.1
3439,1,0.1,0,0.1
3440,1,0.1,0,0.1
3441,4.1,0.1,0,0.1
3442,4.1,0.1,0,0.1
3443,4.1,0.1,0,0.1
3444,4.1,0.1,0,0.1
3445,8,0.1,0,0.1
3446,8,0.1,0,0.1
3447,8,0.1,0,0.1
3448,8,0.1,0,0.1
3449,12.6,0.1,0,0.1
3450,12.6,0.1,0,0.1
3451,12.6,0.1,0,0.1
3452,12.6,0.1,0,0.1
3453,15.7,0.1,0,0.1
3454,15.7,0.1,0,0.1
3455,15.7,0.1,0,0.1
3456,15.7,0.1,0,0.1
3457,17.1,0.1,0,0.1
3458,17.1,0.1,0,0.1
3459,17.1,0.1,0,0.1
3460,17.1,0.1,0,0.1
3461,16.7,0.1,0,0.1
3462,16.7,0.1,0,0.1
3463,16.7,0.1,0,0.1
3464,16.7,0.1,0,0.1
3465,13.5,0.1,0,0.1
3466,13.5,0.1,0,0.1
3467,13.5,0.1,0,0.1
3468,13.5,0.1,0,0.1
3469,11.5,0.1,0,0.1
3470,9.5,0.1,0,0.1
3471,9.5,0.1,0,0.1
3472,9.5,0.1,0,0.1
3473,9.5,0.1,0,0.1
3474,7.1,0.1,0,0.1
3475,4.7,0.1,0,0.1
3476,4.7,0.1,0,0.1
3477,4.7,0.1,0,0.1
3478,4.7,0.1,0,0.1
3479,3.15,0.1,0,0.1
3480,1.6,0.1,0,0.1
3481,1.6,0.1,0,0.1
3482,1.6,0.1,0,0.1
3483,1.6,0.1,0,0.1
3484,0.95,0.1,0,0.1
3485,0.3,0.1,0,0.1
3486,0.3,0.1,0,0.1
3487,0.3,0.1,0,0.1
3488,0.3,0.1,0,0.1
3489,1,0.1,0,0.1
3490,1,0.1,0,0.1
3491,1,0.1,0,0.1
3492,1,0.1,0,0.1
3493,4.1,0.1,0,0.1
3494,4.1,0.1,0,0.1
3495,4.1,0.1,0,0.1
3496,4.1,0.1,0,0.1
3497,8,0.1,0,0.1
3498,8,0.1,0,0.1
3499,8,0.1,0,0.1
3500,8,0.1,0,0.1
3501,12.6,0.1,0,0.1
3502,12.6,0.1,0,0.1
3503,12.6,0.1,0,0.1
3504,12.6,0.1,0,0.1
3505,15.7,0.1,0,0.1
3506,15.7,0.1,0,0.1
3507,15.7,0.1,0,0.1
3508,15.7,0.1,0,0.1
3509,17.1,0.1,0,0.1
3510,17.1,0.1,0,0.1
3511,17.1,0.1,0,0.1
3512,17.1,0.1,0,0.1
3513,16.7,0.1,0,0.1
3514,16.7,0.1,0,0.1
3515,16.7,0.1,0,0.1
3516,16.7,0.1,0,0.1
3517,13.5,0.1,0,0.1
3518,13.5,0.1,0,0.1
3519,13.5,0.1,0,0.1
3520,13.5,0.1,0,0.1
3521,11.5,0.1,0,0.1
3522,9.5,0.1,0,0.1
3523,9.5,0.1,0,0.1
3524,9.5,0.1,0,0.1
3525,9.5,0.1,0,0.1
3526,7.1,0.1,0,0.1
3527,4.7,0.1,0,0.1
3528,4.7,0.1,0,0.1
3529,4.7,0.1,0,0.1
3530,4.7,0.1,0,0.1
3531,3.15,0.1,0,0.1
3532,1.6,0.1,0,0.1
3533,1.6,0.1,0,0.1
3534,1.6,0.1,0,0.1
3535,1.6,0.1,0,0.1
3536,0.95,0.1,0,0.1
3537,0.3,0.1,0,0.1
3538,0.3,0.1,0,0.1
3539,0.3,0.1,0,0.1
3540,0.3,0.1,0,0.1
3541,1,0.1,0,0.1
3542,1,0.1,0,0.1
3543,1,0.1,0,0.1
3544,1,0.1,0,0.1
3545,4.1,0.1,0,0.1
3546,4.1,0.1,0,0.1
3547,4.1,0.1,0,0.1
3548,4.1,0.1,0,0.1
3549,8,0.1,0,0.1
3550,8,0.1,0,0.1
3551,8,0.1,0,0.1
3552,8,0.1,0,0.1
3553,12.6,0.1,0,0.1
3554,12.6,0.1,0,0.1
3555,12.6,0.1,0,0.1
3556,12.6,0.1,0,0.1
3557,15.7,0.1,0,0.1
3558,15.7,0.1,0,0.1
3559,15.7,0.1,0,0.1
3560,15.7,0.1,0,0.1
3561,17.1,0.1,0,0.1
3562,17.1,0.1,0,0.1
3563,17.1,0.1,0,0.1
3564,17.1,0.1,0,0.1
3565,16.7,0.1,0,0.1
3566,16.7,0.1,0,0.1
3567,16.7,0.1,0,0.1
3568,16.7,0.1,0,0.1
3569,13.5,0.1,0,0.1
3570,13.5,0.1,0,0.1
3571,13.5,0.1,0,0.1
3572,13.5,0.1,0,0.1
3573,11.5,0.1,0,0.1
3574,9.5,0.1,0,0.1
3575,9.5,0.1,0,0.1
3576,9.5,0.1,0,0.1
3577,9.5,0.1,0,0.1
3578,7.1,0.1,0,0.1
3579,4.7,0.1,0,0.1
3580,4.7,0.1,0,0.1
3581,4.7,0.1,0,0.1
3582,4.7,0.1,0,0.1
3583,3.15,0.1,0,0.1
3584,1.6,0.1,0,0.1
3585,1.6,0.1,0,0.1
3586,1.6,0.1,0,0.1
3587,1.6,0.1,0,0.1
3588,0.95,0.1,0,0.1
3589,0.3,0.1,0,0.1
3590,0.3,0.1,0,0.1
3591,0.3,0.1,0,0.1
3592,0.3,0.1,0,0.1
3593,1,0.1,0,0.1
3594,1,0.1,0,0.1
3595,1,0.1,0,0.1
3596,1,0.1,0,0.1
3597,4.1,0.1,0,0.1
3598,4.1,0.1,0,0.1
3599,4.1,0.1,0,0.1
3600,4.1,0.1,0,0.1
3601,8,0.1,0,0.1
3602,8,0.1,0,0.1
3603,8,0.1,0,0.1
3604,8,0.1,0,0.1
3605,12.6,0.1,0,0.1
3606,12.6,0.1,0,0.1
3607,12.6,0.1,0,0.1
3608,12.6,0.1,0,0.1
3609,15.7,0.1,0,0.1
3610,15.7,0.1,0,0.1
3611,15.7,0.1,0,0.1
3612,15.7,0.1,0,0.1
3613,17.1,0.1,0,0.1
3614,17.1,0.1,0,0.1
3615,17.1,0.1,0,0.1
3616,17.1,0.1,0,0.1
3617,16.7,0.1,0,0.1
3618,16.7,0.1,0,0.1
3619,16.7,0.1,0,0.1
3620,16.7,0.1,0,0.1
3621,13.5,0.1,0,0.1
3622,13.5,0.1,0,0.1
3623,13.5,0.1,0,0.1
3624,13.5,0.1,0,0.1
3625,11.5,0.1,0,0.1
3626,9.5,0.1,0,0.1
3627,9.5,0.1,0,0.1
3628,9.5,0.1,0,0.1
3629,9.5,0.1,0,0.1
3630,7.1,0.1,0,0.1
3631,4.7,0.1,0,0.1
3632,4.7,0.1,0,0.1
3633,4.7,0.1,0,0.1
3634,4.7,0.1,0,0.1
3635,3.15,0.1,0,0.1
3636,1.6,0.1,0,0.1
3637,1.6,0.1,0,0.1
3638,1.6,0.1,0,0.1
3639,1.6,0.1,0,0.1
3640,0.95,0.1,0,0.1
3641,0.3,0.1,0,0.1
3642,0.3,0.1,0,0.1
3643,0.3,0.1,0,0.1
3644,0.3,0.1,0,0.1
3645,1,0.1,0,0.1
3646,1,0.1,0,0.1
3647,1,0.1,0,0.1
3648,1,0.1,0,0.1
3649,4.1,0.1,0,0.1
3650,4.1,0.1,0,0.1
3651,4.1,0.1,0,0.1
3652,4.1,0.1,0,0.1
3653,8,0.1,0,0.1
3654,8,0.1,0,0.1
3655,8,0.1,0,0.1
3656,8,0.1,0,0.1
3657,12.6,0.1,0,0.1
3658,12.6,0.1,0,0.1
3659,12.6,0.1,0,0.1
3660,12.6,0.1,0,0.1
3661,15.7,0.1,0,0.1
3662,15.7,0.1,0,0.1
3663,15.7,0.1,0,0.1
3664,15.7,0.1,0,0.1
3665,17.1,0.1,0,0.1
3666,17.1,0.1,0,0.1
3667,17.1,0.1,0,0.1
3668,17.1,0.1,0,0.1
3669,16.7,0.1,0,0.1
3670,16.7,0.1,0,0.1
3671,16.7,0.1,0,0.1
3672,16.7,0.1,0,0.1
3673,13.5,0.1,0,0.1
3674,13.5,0.1,0,0.1
3675,13.5,0.1,0,0.1
3676,13.5,0.1,0,0.1
3677,11.5,0.1,0,0.1
3678,9.5,0.1,0,0.1
3679,9.5,0.1,0,0.1
3680,9.5,0.1,0,0.1
3681,9.5,0.1,0,0.1
3682,7.1,0.1,0,0.1
3683,4.7,0.1,0,0.1
3684,4.7,0.1,0,0.1
3685,4.7,0.1,0,0.1
3686,4.7,0.1,0,0.1
3687,3.15,0.1,0,0.1
3688,1.6,0.1,0,0.1
3689,1.6,0.1,0,0.1
3690,1.6,0.1,0,0.1
3691,1.6,0.1,0,0.1
3692,0.95,0.1,0,0.1
3693,0.3,0.1,0,0.1
3694,0.3,0.1,0,0.1
3695,0.3,0.1,0,0.1
3696,0.3,0.1,0,0.1
3697,1,0.1,0,0.1
3698,1,0.1,0,0.1
3699,1,0.1,0,0.1
3700,1,0.1,0,0.1
3701,4.1,0.1,0,0.1
3702,4.1,0.1,0,0.1
3703,4.1,0.1,0,0.1
3704,4.1,0.1,0,0.1
3705,8,0.1,0,0.1
3706,8,0.1,0,0.1
3707,8,0.1,0,0.1
3708,8,0.1,0,0.1
3709,12.6,0.1,0,0.1
3710,12.6,0.1,0,0.1
3711,12.6,0.1,0,0.1
3712,12.6,0.1,0,0.1
3713,15.7,0.1,0,0.1
3714,15.7,0.1,0,0.1
3715,15.7,0.1,0,0.1
3716,15.7,0.1,0,0.1
3717,17.1,0.1,0,0.1
3718,17.1,0.1,0,0.1
3719,17.1,0.1,0,0.1
3720,17.1,0.1,0,0.1
3721,16.7,0.1,0,0.1
3722,16.7,0.1,0,0.1
3723,16.7,0.1,0,0.1
3724,16.7,0.1,0,0.1
3725,13.5,0.1,0,0.1
3726,13.5,0.1,0,0.1
3727,13.5,0.1,0,0.1
3728,13.5,0.1,0,0.1
3729,11.5,0.1,0,0.1
3730,9.5,0.1,0,0.1
3731,9.5,0.1,0,0.1
3732,9.5,0.1,0,0.1
3733,9.5,0.1,0,0.1
3734,7.1,0.1,0,0.1
3735,4.7,0.1,0,0.1
3736,4.7,0.1,0,0.1
3737,4.7,0.1,0,0.1
3738,4.7,0.1,0,0.1
3739,3.15,0.1,0,0.1
3740,1.6,0.1,0,0.1
3741,1.6,0.1,0,0.1
3742,1.6,0.1,0,0.1
3743,1.6,0.1,0,0.1
3744,0.95,0.1,0,0.1
3745,0.3,0.1,0,0.1
3746,0.3,0.1,0,0.1
3747,0.3,0.1,0,0.1
3748,0.3,0.1,0,0.1
3749,1,0.1,0,0.1
3750,1,0.1,0,0.1
3751,1,0.1,0,0.1
3752,1,0.1,0,0.1
3753,4.1,0.1,0,0.1
3754,4.1,0.1,0,0.1
3755,4.1,0.1,0,0.1
3756,4.1,0.1,0,0.1
3757,8,0.1,0,0.1
3758,8,0.1,0,0.1
3759,8,0.1,0,0.1
3760,8,0.1,0,0.1
3761,12.6,0.1,0,0.1
3762,12.6,0.1,0,0.1
3763,12.6,0.1,0,0.1
3764,12.6,0.1,0,0.1
3765,15.7,0.1,0,0.1
3766,15.7,0.1,0,0.1
3767,15.7,0.1,0,0.1
3768,15.7,0.1,0,0.1
3769,17.1,0.1,0,0.1
3770,17.1,0.1,0,0.1
3771,17.1,0.1,0,0.1
3772,17.1,0.1,0,0.1
3773,16.7,0.1,0,0.1
3774,16.7,0.1,0,0.1
3775,16.7,0.1,0,0.1
3776,16.7,0.1,0,0.1
3777,13.5,0.1,0,0.1
3778,13.5,0.1,0,0.1
3779,13.5,0.1,0,0.1
3780,13.5,0.1,0,0.1
3781,11.5,0.1,0,0.1
3782,9.5,0.1,0,0.1
3783,9.5,0.1,0,0.1
3784,9.5,0.1,0,0.1
3785,9.5,0.1,0,0.1
3786,7.1,0.1,0,0.1
3787,4.7,0.1,0,0.1
3788,4.7,0.1,0,0.1
3789,4.7,0.1,0,0.1
3790,4.7,0.1,0,0.1
3791,3.15,0.1,0,0.1
3792,1.6,0.1,0,0.1
3793,1.6,0.1,0,0.1
3794,1.6,0.1,0,0.1
3795,1.6,0.1,0,0.1
3796,0.95,0.1,0,0.1
3797,0.3,0.1,0,0.1
3798,0.3,0.1,0,0.1
3799,0.3,0.1,0,0.1
3800,0.3,0.1,0,0.1
3801,1,0.1,0,0.1
3802,1,0.1,0,0.1
3803,1,0.1,0,0.1
3804,1,0.1,0,0.1
3805,4.1,0.1,0,0.1
3806,4.1,0.1,0,0.1
3807,4.1,0.1,0,0.1
3808,4.1,0.1,0,0.1
3809,8,0.1,0,0.1
3810,8,0.1,0,0.1
3811,8,0.1,0,0.1
3812,8,0.1,0,0.1
3813,12.6,0.1,0,0.1
3814,12.6,0.1,0,0.1
3815,12.6,0.1,0,0.1
3816,12.6,0.1,0,0.1
3817,15.7,0.1,0,0.1
3818,15.7,0.1,0,0.1
3819,15.7,0.1,0,0.1
3820,15.7,0.1,0,0.1
3821,17.1,0.1,0,0.1
3822,17.1,0.1,0,0.1
3823,17.1,0.1,0,0.1
3824,17.1,0.1,0,0.1
3825,16.7,0.1,0,0.1
3826,16.7,0.1,0,0.1
3827,16.7,0.1,0,0.1
3828,16.7,0.1,0,0.1
3829,13.5,0.1,0,0.1
3830,13.5,0.1,0,0.1
3831,13.5,0.1,0,0.1
3832,13.5,0.1,0,0.1
3833,11.5,0.1,0,0.1
3834,9.5,0.1,0,0.1
3835,9.5,0.1,0,0.1
3836,9.5,0.1,0,0.1
3837,9.5,0.1,0,0.1
3838,7.1,0.1,0,0.1
3839,4.7,0.1,0,0.1
3840,4.7,0.1,0,0.1
3841,4.7,0.1,0,0.1
3842,4.7,0.1,0,0.1
3843,3.15,0.1,0,0.1
3844,1.6,0.1,0,0.1
3845,1.6,0.1,0,0.1
3846,1.6,0.1,0,0.1
3847,1.6,0.1,0,0.1
3848,0.95,0.1,0,0.1
3849,0.3,0.1,0,0.1
3850,0.3,0.1,0,0.1
3851,0.3,0.1,0,0.1
3852,0.3,0.1,0,0.1
3853,1,0.1,0,0.1
3854,1,0.1,0,0.1
3855,1,0.1,0,0.1
3856,1,0.1,0,0.1
3857,4.1,0.1,0,0.1
3858,4.1,0.1,0,0.1
3859,4.1,0.1,0,0.1
3860,4.1,0.1,0,0.1
3861,8,0.1,0,0.1
3862,8,0.1,0,0.1
3863,8,0.1,0,0.1
3864,8,0.1,0,0.1
3865,12.6,0.1,0,0.1
3866,12.6,0.1,0,0.1
3867,12.6,0.1,0,0.1
3868,12.6,0.1,0,0.1
3869,15.7,0.1,0,0.1
3870,15.7,0.1,0,0.1
3871,15.7,0.1,0,0.1
3872,15.7,0.1,0,0.1
3873,17.1,0.1,0,0.1
3874,17.1,0.1,0,0.1
3875,17.1,0.1,0,0.1
3876,17.1,0.1,0,0.1
3877,16.7,0.1,0,0.1
3878,16.7,0.1,0,0.1
3879,16.7,0.1,0,0.1
3880,16.7,0.1,0,0.1
3881,13.5,0.1,0,0.1
3882,13.5,0.1,0,0.1
3883,13.5,0.1,0,0.1
3884,13.5,0.1,0,0.1
3885,11.5,0.1,0,0.1
3886,9.5,0.1,0,0.1
3887,9.5,0.1,0,0.1
3888,9.5,0.1,0,0.1
3889,9.5,0.1,0,0.1
3890,7.1,0.1,0,0.1
3891,4.7,0.1,0,0.1
3892,4.7,0.1,0,0.1
3893,4.7,0.1,0,0.1
3894,4.7,0.1,0,0.1
3895,3.15,0.1,0,0.1
3896,1.6,0.1,0,0.1
3897,1.6,0.1,0,0.1
3898,1.6,0.1,0,0.1
3899,1.6,0.1,0,0.1
3900,0.95,0.1,0,0.1
