"species","kernel","clonality","seedmass","maxmass","span_min","span_max","firstflower_min","firstflower_max","bankduration_max","bankduration_min","seednumber_min","seednumber_max","b0grow_min","b0grow_max","b0germ_min","b0germ_max","b0mort_min","b0mort_max","floron_min","floron_max","floroff_min","floroff_max","seedon_min","seedon_max","seedoff_min","seedoff_max"
"Achillea millefolium","any",TRUE,0.0003,2,260,2600,18.772773321718,105.595880214125,107.642257423954,3.8755406702403,190,7200,0.06580373,0.072384103,141363714.221475,155500085.643623,159034178.499159,174937596.349075,12,16,18,36,20,24,26,36
"Acinos arvensis","any",TRUE,0.001,5,52,260,18.772773321718,105.595880214125,385.780391125008,3.8755406702403,342,342,0.08891401,0.097805411,141363714.221475,155500085.643623,159034178.499159,174937596.349075,12,16,18,36,20,24,26,36
"Actaea spicata","long",TRUE,0.001,5,1560,1560,105.595880214125,105.595880214125,3.8755406702403,3.8755406702403,108,1900,0.08891401,0.097805411,141363714.221475,155500085.643623,159034178.499159,174937596.349075,12,16,18,36,20,24,26,36
"Aegopodium podagraria","long-short",TRUE,0.001,5,260,1560,105.595880214125,105.595880214125,385.780391125008,3.8755406702403,46.5,10700,0.08891401,0.097805411,141363714.221475,155500085.643623,159034178.499159,174937596.349075,12,16,18,36,20,24,26,36
"Agrimonia eupatoria","any",TRUE,0.001,5,1560,1560,105.595880214125,105.595880214125,149.45825105533,3.8755406702403,66,66,0.08891401,0.097805411,141363714.221475,155500085.643623,159034178.499159,174937596.349075,12,16,18,36,20,24,26,36
"Ajuga genevensis","any",TRUE,0.001,5,1560,1560,105.595880214125,105.595880214125,385.780391125008,3.8755406702403,221,221,0.08891401,0.097805411,141363714.221475,155500085.643623,159034178.499159,174937596.349075,12,16,18,36,20,24,26,36
"Ajuga reptans","short-medium",TRUE,0.001,5,1560,2600,105.595880214125,105.595880214125,133.296981730843,3.8755406702403,36,105,0.08891401,0.097805411,141363714.221475,155500085.643623,159034178.499159,174937596.349075,12,16,18,36,20,24,26,36
"Allium schoenoprasum","short-long",TRUE,0.001,5,260,1560,105.595880214125,105.595880214125,163.081270062386,3.8755406702403,4149,4149,0.08891401,0.097805411,141363714.221475,155500085.643623,159034178.499159,174937596.349075,12,16,18,36,20,24,26,36
"Alopecurus pratensis","any",TRUE,0.001,5,1560,1560,18.772773321718,105.595880214125,163.372787868322,3.8755406702403,414,414,0.08891401,0.097805411,141363714.221475,155500085.643623,159034178.499159,174937596.349075,12,16,18,36,20,24,26,36
"Anchusa arvensis","long-medium",FALSE,0.001,5,52,104,18.772773321718,105.595880214125,149.45825105533,3.8755406702403,128,700,0.08891401,0.097805411,141363714.221475,155500085.643623,159034178.499159,174937596.349075,12,16,18,36,20,24,26,36
"Antennaria dioica","long-short",TRUE,0.0001,1,1560,2600,105.595880214125,105.595880214125,3.8755406702403,3.8755406702403,280,280,0.05000002,0.055000022,141363714.221475,155500085.643623,159034178.499159,174937596.349075,12,16,18,36,20,24,26,36
"Anthoxanthum odoratum","any",TRUE,0.001,5,1560,1560,105.595880214125,105.595880214125,150.473840360449,3.8755406702403,108,1038.5,0.08891401,0.097805411,141363714.221475,155500085.643623,159034178.499159,174937596.349075,12,16,18,36,20,24,26,36
"Anthriscus sylvestris","any",TRUE,0.001,5,52,1560,18.772773321718,105.595880214125,178.625287203773,3.8755406702403,132.1,10000,0.08891401,0.097805411,141363714.221475,155500085.643623,159034178.499159,174937596.349075,12,16,18,36,20,24,26,36
"Anthyllis vulneraria","long-medium",TRUE,0.001,5,52,1560,105.595880214125,105.595880214125,385.780391125008,3.8755406702403,30,194,0.08891401,0.097805411,141363714.221475,155500085.643623,159034178.499159,174937596.349075,12,16,18,36,20,24,26,36
"Arabis hirsuta","medium-short",TRUE,0.0001,1,104,1560,105.595880214125,105.595880214125,97.8586893130667,3.8755406702403,750,750,0.05000002,0.055000022,141363714.221475,155500085.643623,159034178.499159,174937596.349075,12,16,18,36,20,24,26,36
"Arrhenatherum elatius","any",TRUE,0.001,5,1560,1560,18.772773321718,18.772773321718,175.325990402375,3.8755406702403,10,10,0.08891401,0.097805411,141363714.221475,155500085.643623,159034178.499159,174937596.349075,12,16,18,36,20,24,26,36
"Artemisia vulgaris","any",TRUE,0.0003,2,260,1560,18.772773321718,105.595880214125,57.3305431546158,3.8755406702403,200000,500000,0.06580373,0.072384103,141363714.221475,155500085.643623,159034178.499159,174937596.349075,12,16,18,36,20,24,26,36
"Astragalus glycyphyllos","any",TRUE,0.001,5,260,1560,105.595880214125,105.595880214125,161.518312868841,3.8755406702403,10315,10315,0.08891401,0.097805411,141363714.221475,155500085.643623,159034178.499159,174937596.349075,12,16,18,36,20,24,26,36
"Avenula pubescens","any",TRUE,0.001,5,1560,1560,105.595880214125,105.595880214125,149.540996505577,3.8755406702403,4000,4000,0.08891401,0.097805411,141363714.221475,155500085.643623,159034178.499159,174937596.349075,12,16,18,36,20,24,26,36
"Brachypodium pinnatum","short-medium",TRUE,0.001,5,260,260,24.2262100241252,58.7189022711717,204.177092444731,3.8755406702403,87,87,0.08891401,0.097805411,141363714.221475,155500085.643623,159034178.499159,174937596.349075,12,16,18,36,20,24,26,36
"Bellis perennis","any",TRUE,0.0003,2,1560,1560,105.595880214125,105.595880214125,98.5124626207358,3.8755406702403,1288,1288,0.06580373,0.072384103,141363714.221475,155500085.643623,159034178.499159,174937596.349075,12,16,18,36,20,24,26,36
"Briza media","any",TRUE,0.001,5,260,1560,18.772773321718,105.595880214125,176.598976665634,3.8755406702403,179,7308,0.08891401,0.097805411,141363714.221475,155500085.643623,159034178.499159,174937596.349075,12,16,18,36,20,24,26,36
"Bromus erectus","long-medium",TRUE,0.001,5,1560,1560,105.595880214125,105.595880214125,153.194510502163,3.8755406702403,623.082367522258,6805.35738021946,0.08891401,0.097805411,141363714.221475,155500085.643623,159034178.499159,174937596.349075,12,16,18,36,20,24,26,36
"Bromus hordeaceus","long-medium",TRUE,0.001,5,52,104,18.772773321718,105.595880214125,201.381088195406,3.8755406702403,623.082367522258,6805.35738021946,0.08891401,0.097805411,141363714.221475,155500085.643623,159034178.499159,174937596.349075,12,16,18,36,20,24,26,36
"Calystegia sepium","long-short",TRUE,0.001,5,1560,1560,105.595880214125,105.595880214125,385.780391125008,3.8755406702403,623.082367522258,6805.35738021946,0.08891401,0.097805411,141363714.221475,155500085.643623,159034178.499159,174937596.349075,12,16,18,36,20,24,26,36
"Campanula glomerata","any",TRUE,0.0003,2,52,1560,105.595880214125,105.595880214125,149.45825105533,3.8755406702403,20101.1217390382,69556.418216517,0.06580373,0.072384103,141363714.221475,155500085.643623,159034178.499159,174937596.349075,12,16,18,36,20,24,26,36
"Campanula persicifolia","any",TRUE,0.0001,1,104,1560,18.772773321718,105.595880214125,96.2932773492379,3.8755406702403,25666.2758451856,87485.2927411734,0.05000002,0.055000022,141363714.221475,155500085.643623,159034178.499159,174937596.349075,12,16,18,36,20,24,26,36
"Campanula rotundifolia","any",TRUE,0.0001,1,260,1560,18.772773321718,18.772773321718,105.256922775407,3.8755406702403,25666.2758451856,87485.2927411734,0.05000002,0.055000022,141363714.221475,155500085.643623,159034178.499159,174937596.349075,12,16,18,36,20,24,26,36
"Campanula rapunculoides","any",TRUE,0.0003,2,260,1560,18.772773321718,105.595880214125,113.950727374948,3.8755406702403,20101.1217390382,69556.418216517,0.06580373,0.072384103,141363714.221475,155500085.643623,159034178.499159,174937596.349075,12,16,18,36,20,24,26,36
"Cardaminopsis arenosa","long",TRUE,0.0003,2,52,1560,18.772773321718,18.772773321718,149.45825105533,149.45825105533,20101.1217390382,69556.418216517,0.06580373,0.072384103,141363714.221475,155500085.643623,159034178.499159,174937596.349075,12,16,18,36,20,24,26,36
"Carduus crispus","any",FALSE,0.001,5,104,104,105.595880214125,105.595880214125,385.780391125008,3.8755406702403,623.082367522258,6805.35738021946,0.08891401,0.097805411,141363714.221475,155500085.643623,159034178.499159,174937596.349075,12,16,18,36,20,24,26,36
"Carex caryophyllea","medium",TRUE,0.001,5,1560,1560,90.7118095362941,122.236912255956,153.063418352138,3.8755406702403,623.082367522258,6805.35738021946,0.08891401,0.097805411,141363714.221475,155500085.643623,159034178.499159,174937596.349075,12,16,18,36,20,24,26,36
"Carex flacca","any",TRUE,0.001,5,1560,1560,18.772773321718,105.595880214125,163.991601125635,3.8755406702403,623.082367522258,6805.35738021946,0.08891401,0.097805411,141363714.221475,155500085.643623,159034178.499159,174937596.349075,12,16,18,36,20,24,26,36
"Carex leporina","short-medium",FALSE,0.001,5,794.390211474058,1358.83743348407,61.4441295191394,96.3075010940557,153.365237409529,3.8755406702403,5762.72965780594,23363.4058386974,0.08891401,0.097805411,141363714.221475,155500085.643623,159034178.499159,174937596.349075,12,16,18,36,20,24,26,36
"Carex ornithopoda","short-medium",TRUE,0.001,5,773.838900952218,1266.69354872743,60.1227378930509,93.4230141517348,172.102629720537,3.8755406702403,623.082367522258,6805.35738021946,0.08891401,0.097805411,141363714.221475,155500085.643623,159034178.499159,174937596.349075,12,16,18,36,20,24,26,36
"Carlina vulgaris","any",TRUE,0.001,5,52,1560,18.772773321718,18.772773321718,166.328554501348,3.8755406702403,5762.72965780594,23363.4058386974,0.08891401,0.097805411,141363714.221475,155500085.643623,159034178.499159,174937596.349075,12,16,18,36,20,24,26,36
"Centaurea jacea","any",FALSE,0.001,5,260,1560,105.595880214125,105.595880214125,164.701746758842,3.8755406702403,623.082367522258,6805.35738021946,0.08891401,0.097805411,141363714.221475,155500085.643623,159034178.499159,174937596.349075,12,16,18,36,20,24,26,36
"Centaurea scabiosa","any",TRUE,0.001,5,260,1560,18.772773321718,105.595880214125,175.498837382314,3.8755406702403,623.082367522258,6805.35738021946,0.08891401,0.097805411,141363714.221475,155500085.643623,159034178.499159,174937596.349075,12,16,18,36,20,24,26,36
"Centaurium erythraea","any",FALSE,0.0001,1,52,1560,38.4298200323621,81.0782167812357,97.2283278813989,3.8755406702403,25666.2758451856,87485.2927411734,0.05000002,0.055000022,141363714.221475,155500085.643623,159034178.499159,174937596.349075,12,16,18,36,20,24,26,36
"Cephalanthera rubra","short",TRUE,0.001,5,1560,1560,88.8983691876531,122.278892100574,135.071046070319,3.8755406702403,5762.72965780594,23363.4058386974,0.08891401,0.097805411,141363714.221475,155500085.643623,159034178.499159,174937596.349075,12,16,18,36,20,24,26,36
"Cerastium arvense","any",TRUE,0.0003,2,1560,2600,18.772773321718,105.595880214125,85.2712818239665,3.8755406702403,20101.1217390382,69556.418216517,0.06580373,0.072384103,141363714.221475,155500085.643623,159034178.499159,174937596.349075,12,16,18,36,20,24,26,36
"Cerastium holosteoides","short",FALSE,0.0001,1,874.116068419082,1716.07443026956,66.5717409187267,107.494237995624,80.7254888745414,3.8755406702403,25666.2758451856,87485.2927411734,0.05000002,0.055000022,141363714.221475,155500085.643623,159034178.499159,174937596.349075,12,16,18,36,20,24,26,36
"Cerastium tomentosum","any",TRUE,0.001,5,1560,1560,18.772773321718,18.772773321718,174.336114902606,3.8755406702403,623.082367522258,6805.35738021946,0.08891401,0.097805411,141363714.221475,155500085.643623,159034178.499159,174937596.349075,12,16,18,36,20,24,26,36
"Cerinthe minor","short-medium",TRUE,0.001,5,104,1560,18.772773321718,18.772773321718,165.935555129808,3.8755406702403,5762.72965780594,23363.4058386974,0.08891401,0.097805411,141363714.221475,155500085.643623,159034178.499159,174937596.349075,12,16,18,36,20,24,26,36
"Chaerophyllum hirsutum","short",TRUE,0.001,5,1560,1560,105.595880214125,105.595880214125,153.194510502163,3.8755406702403,623.082367522258,6805.35738021946,0.08891401,0.097805411,141363714.221475,155500085.643623,159034178.499159,174937596.349075,12,16,18,36,20,24,26,36
"Chaerophyllum temulum","any",FALSE,0.001,5,52,104,20.5659783894919,55.5664969569256,149.45825105533,3.8755406702403,623.082367522258,6805.35738021946,0.08891401,0.097805411,141363714.221475,155500085.643623,159034178.499159,174937596.349075,12,16,18,36,20,24,26,36
"Cichorium intybus","any",TRUE,0.001,5,260,1560,105.595880214125,105.595880214125,149.45825105533,3.8755406702403,623.082367522258,6805.35738021946,0.08891401,0.097805411,141363714.221475,155500085.643623,159034178.499159,174937596.349075,12,16,18,36,20,24,26,36
"Cirsium acaule","any",TRUE,0.001,5,260,1560,105.595880214125,105.595880214125,164.701746758842,3.8755406702403,623.082367522258,6805.35738021946,0.08891401,0.097805411,141363714.221475,155500085.643623,159034178.499159,174937596.349075,12,16,18,36,20,24,26,36
"Cirsium arvense","any",TRUE,0.001,5,1560,1560,105.595880214125,105.595880214125,153.194510502163,3.8755406702403,623.082367522258,6805.35738021946,0.08891401,0.097805411,141363714.221475,155500085.643623,159034178.499159,174937596.349075,12,16,18,36,20,24,26,36
"Cirsium oleraceum","any",TRUE,0.001,5,260,1560,18.772773321718,18.772773321718,185.843351159285,3.8755406702403,623.082367522258,6805.35738021946,0.08891401,0.097805411,141363714.221475,155500085.643623,159034178.499159,174937596.349075,12,16,18,36,20,24,26,36
"Cirsium tuberosum","medium-short",TRUE,0.001,5,1560,1560,18.772773321718,18.772773321718,3.8755406702403,3.8755406702403,5762.72965780594,23363.4058386974,0.08891401,0.097805411,141363714.221475,155500085.643623,159034178.499159,174937596.349075,12,16,18,36,20,24,26,36
"Cirsium vulgare","any",FALSE,0.001,5,52,1560,18.772773321718,105.595880214125,177.339995183383,3.8755406702403,623.082367522258,6805.35738021946,0.08891401,0.097805411,141363714.221475,155500085.643623,159034178.499159,174937596.349075,12,16,18,36,20,24,26,36
"Clinopodium vulgare","any",TRUE,0.001,5,260,1560,105.595880214125,105.595880214125,164.701746758842,3.8755406702403,623.082367522258,6805.35738021946,0.08891401,0.097805411,141363714.221475,155500085.643623,159034178.499159,174937596.349075,12,16,18,36,20,24,26,36
"Convolvulus arvensis","any",TRUE,0.001,5,1560,1560,105.595880214125,105.595880214125,153.194510502163,3.8755406702403,623.082367522258,6805.35738021946,0.08891401,0.097805411,141363714.221475,155500085.643623,159034178.499159,174937596.349075,12,16,18,36,20,24,26,36
"Crepis biennis","any",FALSE,0.001,5,104,104,18.772773321718,105.595880214125,200.920798745139,3.8755406702403,623.082367522258,6805.35738021946,0.08891401,0.097805411,141363714.221475,155500085.643623,159034178.499159,174937596.349075,12,16,18,36,20,24,26,36
"Cruciata laevipes","medium-long",TRUE,0.001,5,52,1560,18.772773321718,18.772773321718,3.8755406702403,3.8755406702403,623.082367522258,6805.35738021946,0.08891401,0.097805411,141363714.221475,155500085.643623,159034178.499159,174937596.349075,12,16,18,36,20,24,26,36
"Cynosurus cristatus","any",TRUE,0.001,5,1560,1560,18.772773321718,105.595880214125,163.991601125635,3.8755406702403,623.082367522258,6805.35738021946,0.08891401,0.097805411,141363714.221475,155500085.643623,159034178.499159,174937596.349075,12,16,18,36,20,24,26,36
"Dactylis glomerata","any",TRUE,0.001,5,260,1560,18.772773321718,105.595880214125,175.498837382314,3.8755406702403,623.082367522258,6805.35738021946,0.08891401,0.097805411,141363714.221475,155500085.643623,159034178.499159,174937596.349075,12,16,18,36,20,24,26,36
"Daucus carota","any",TRUE,0.001,5,52,1560,18.772773321718,105.595880214125,177.339995183383,3.8755406702403,623.082367522258,6805.35738021946,0.08891401,0.097805411,141363714.221475,155500085.643623,159034178.499159,174937596.349075,12,16,18,36,20,24,26,36
"Echium vulgare","any",FALSE,0.001,5,104,104,18.772773321718,105.595880214125,385.780391125008,3.8755406702403,623.082367522258,6805.35738021946,0.08891401,0.097805411,141363714.221475,155500085.643623,159034178.499159,174937596.349075,12,16,18,36,20,24,26,36
"Elytrigia repens","any",FALSE,0.001,5,794.390211474058,1358.83743348407,61.4441295191394,96.3075010940557,153.365237409529,3.8755406702403,5762.72965780594,23363.4058386974,0.08891401,0.097805411,141363714.221475,155500085.643623,159034178.499159,174937596.349075,12,16,18,36,20,24,26,36
"Epilobium angustifolium","any",TRUE,0.0001,1,260,1560,18.772773321718,18.772773321718,105.256922775407,3.8755406702403,25666.2758451856,87485.2927411734,0.05000002,0.055000022,141363714.221475,155500085.643623,159034178.499159,174937596.349075,12,16,18,36,20,24,26,36
"Epilobium montanum","any",TRUE,0.0003,2,1560,1560,18.772773321718,18.772773321718,112.788004895239,3.8755406702403,20101.1217390382,69556.418216517,0.06580373,0.072384103,141363714.221475,155500085.643623,159034178.499159,174937596.349075,12,16,18,36,20,24,26,36
"Equisetum arvense","any",FALSE,0.0001,1,260,1560,44.5367078779574,86.7830354151174,93.9480758454159,3.8755406702403,25666.2758451856,87485.2927411734,0.05000002,0.055000022,141363714.221475,155500085.643623,159034178.499159,174937596.349075,12,16,18,36,20,24,26,36
"Euphorbia cyparissias","any",TRUE,0.001,5,1560,1560,105.595880214125,105.595880214125,153.194510502163,3.8755406702403,623.082367522258,6805.35738021946,0.08891401,0.097805411,141363714.221475,155500085.643623,159034178.499159,174937596.349075,12,16,18,36,20,24,26,36
"Euphrasia officinalis","any",FALSE,0.0003,2,52,52,18.772773321718,18.772773321718,149.45825105533,3.8755406702403,20101.1217390382,69556.418216517,0.06580373,0.072384103,141363714.221475,155500085.643623,159034178.499159,174937596.349075,12,16,18,36,20,24,26,36
"Falcaria vulgaris","any",TRUE,0.001,5,52,1560,105.595880214125,105.595880214125,3.8755406702403,3.8755406702403,2000,2000,0.08891401,0.097805411,141363714.221475,155500085.643623,159034178.499159,174937596.349075,12,16,18,36,20,24,26,36
"Festuca ovina","any",TRUE,0.001,5,104,1560,105.595880214125,105.595880214125,165.547625809688,3.8755406702403,847,847,0.08891401,0.097805411,141363714.221475,155500085.643623,159034178.499159,174937596.349075,12,16,18,36,20,24,26,36
"Festuca pratensis","any",TRUE,0.001,5,260,1560,52.5437605013233,86.5817957941953,173.564993577031,3.8755406702403,623.082367522258,6805.35738021946,0.08891401,0.097805411,141363714.221475,155500085.643623,159034178.499159,174937596.349075,12,16,18,36,20,24,26,36
"Festuca rubra","any",TRUE,0.001,5,104,1560,50.710201461466,84.6748968636328,176.670005241659,3.8755406702403,465,465,0.08891401,0.097805411,141363714.221475,155500085.643623,159034178.499159,174937596.349075,12,16,18,36,20,24,26,36
"Filipendula vulgaris","short-medium",TRUE,0.001,5,260,1560,105.595880214125,105.595880214125,3.8755406702403,3.8755406702403,113,439.3,0.08891401,0.097805411,141363714.221475,155500085.643623,159034178.499159,174937596.349075,12,16,18,36,20,24,26,36
"Fragaria vesca","any",TRUE,0.001,5,260,2600,105.595880214125,105.595880214125,146.824403678224,3.8755406702403,225,341,0.08891401,0.097805411,141363714.221475,155500085.643623,159034178.499159,174937596.349075,12,16,18,36,20,24,26,36
"Fragaria viridis","short-long",TRUE,0.001,5,1560,1560,310.486898798496,310.486898798496,103.303127722202,3.8755406702403,623.082367522258,6805.35738021946,0.08891401,0.097805411,141363714.221475,155500085.643623,159034178.499159,174937596.349075,12,16,18,36,20,24,26,36
"Galeopsis ladanum","long-medium",FALSE,0.001,5,52,52,18.772773321718,18.772773321718,216.008009358469,3.8755406702403,300,300,0.08891401,0.097805411,141363714.221475,155500085.643623,159034178.499159,174937596.349075,12,16,18,36,20,24,26,36
"Galium aparine","long-medium",FALSE,0.001,5,52,104,18.772773321718,18.772773321718,215.158032232814,3.8755406702403,31,1000,0.08891401,0.097805411,141363714.221475,155500085.643623,159034178.499159,174937596.349075,12,16,18,36,20,24,26,36
"Galium mollugo","any",TRUE,0.001,5,260,1560,18.772773321718,18.772773321718,187.412885673603,3.8755406702403,1734,20000,0.08891401,0.097805411,141363714.221475,155500085.643623,159034178.499159,174937596.349075,12,16,18,36,20,24,26,36
"Galium pumilum","any",TRUE,0.001,5,1560,1560,90.7118095362941,122.236912255956,153.063418352138,3.8755406702403,623.082367522258,6805.35738021946,0.08891401,0.097805411,141363714.221475,155500085.643623,159034178.499159,174937596.349075,12,16,18,36,20,24,26,36
"Galium verum","any",TRUE,0.001,5,260,1560,105.595880214125,105.595880214125,164.12448386015,3.8755406702403,12.6,104.1,0.08891401,0.097805411,141363714.221475,155500085.643623,159034178.499159,174937596.349075,12,16,18,36,20,24,26,36
"Genista tinctoria","short-long",TRUE,0.001,5,1560,1560,97.1592860954477,129.581372238252,3.8755406702403,3.8755406702403,623.082367522258,6805.35738021946,0.08891401,0.097805411,141363714.221475,155500085.643623,159034178.499159,174937596.349075,12,16,18,36,20,24,26,36
"Gentianella ciliata","short",TRUE,0.0003,2,104,1560,105.595880214125,105.595880214125,3.8755406702403,3.8755406702403,670,670,0.06580373,0.072384103,141363714.221475,155500085.643623,159034178.499159,174937596.349075,12,16,18,36,20,24,26,36
"Gentianella germanica","short",FALSE,0.0003,2,52,104,18.772773321718,105.595880214125,151.589440580917,3.8755406702403,160,594,0.06580373,0.072384103,141363714.221475,155500085.643623,159034178.499159,174937596.349075,12,16,18,36,20,24,26,36
"Geranium dissectum","long-short",FALSE,0.001,5,52,104,18.772773321718,105.595880214125,203.294706369924,3.8755406702403,95,1000,0.08891401,0.097805411,141363714.221475,155500085.643623,159034178.499159,174937596.349075,12,16,18,36,20,24,26,36
"Geranium molle","long-short",FALSE,0.001,5,52,104,18.772773321718,105.595880214125,385.780391125008,3.8755406702403,81,100,0.08891401,0.097805411,141363714.221475,155500085.643623,159034178.499159,174937596.349075,12,16,18,36,20,24,26,36
"Geranium pratense","long-short",TRUE,0.001,5,1560,1560,105.595880214125,105.595880214125,150.554155750241,3.8755406702403,3,3,0.08891401,0.097805411,141363714.221475,155500085.643623,159034178.499159,174937596.349075,12,16,18,36,20,24,26,36
"Geranium pusillum","any",FALSE,0.001,5,52,1560,18.772773321718,105.595880214125,179.12624346707,3.8755406702403,300,750,0.08891401,0.097805411,141363714.221475,155500085.643623,159034178.499159,174937596.349075,12,16,18,36,20,24,26,36
"Geranium robertianum","any",FALSE,0.001,5,52,104,18.772773321718,105.595880214125,203.347828990136,3.8755406702403,30,300,0.08891401,0.097805411,141363714.221475,155500085.643623,159034178.499159,174937596.349075,12,16,18,36,20,24,26,36
"Geum urbanum","long-medium",TRUE,0.001,5,260,1560,18.772773321718,105.595880214125,177.003371161112,3.8755406702403,172,324.5,0.08891401,0.097805411,141363714.221475,155500085.643623,159034178.499159,174937596.349075,12,16,18,36,20,24,26,36
"Gymnadenia conopsea","short",TRUE,0.0001,1,1560,1560,105.595880214125,105.595880214125,3.8755406702403,3.8755406702403,31699,31699,0.05000002,0.055000022,141363714.221475,155500085.643623,159034178.499159,174937596.349075,12,16,18,36,20,24,26,36
"Helianthemum nummularium","any",TRUE,0.001,5,260,1560,105.595880214125,105.595880214125,164.07136263423,3.8755406702403,243,243,0.08891401,0.097805411,141363714.221475,155500085.643623,159034178.499159,174937596.349075,12,16,18,36,20,24,26,36
"Heracleum sphondylium","any",TRUE,0.001,5,104,1560,105.595880214125,105.595880214125,165.018522025072,3.8755406702403,850,10005,0.08891401,0.097805411,141363714.221475,155500085.643623,159034178.499159,174937596.349075,12,16,18,36,20,24,26,36
"Hieracium caespitosum","any",TRUE,0.0003,2,1560,1560,18.772773321718,18.772773321718,3.8755406702403,3.8755406702403,612,612,0.06580373,0.072384103,141363714.221475,155500085.643623,159034178.499159,174937596.349075,12,16,18,36,20,24,26,36
"Hieracium lachenalii","short",FALSE,0.001,5,794.390211474058,1358.83743348407,61.4441295191394,96.3075010940557,153.365237409529,3.8755406702403,5762.72965780594,23363.4058386974,0.08891401,0.097805411,141363714.221475,155500085.643623,159034178.499159,174937596.349075,12,16,18,36,20,24,26,36
"Hieracium murorum","any",TRUE,0.001,5,1560,1560,90.7118095362941,122.236912255956,153.063418352138,3.8755406702403,623.082367522258,6805.35738021946,0.08891401,0.097805411,141363714.221475,155500085.643623,159034178.499159,174937596.349075,12,16,18,36,20,24,26,36
"Hieracium pilosella","any",TRUE,0.0003,2,1560,1560,18.772773321718,105.595880214125,111.753317657508,3.8755406702403,21,75,0.06580373,0.072384103,141363714.221475,155500085.643623,159034178.499159,174937596.349075,12,16,18,36,20,24,26,36
"Hippocrepis comosa","any",TRUE,0.001,5,1560,1560,105.595880214125,105.595880214125,150.524498599472,3.8755406702403,120,120,0.08891401,0.097805411,141363714.221475,155500085.643623,159034178.499159,174937596.349075,12,16,18,36,20,24,26,36
"Holcus lanatus","any",TRUE,0.001,5,1560,1560,18.772773321718,105.595880214125,118.611782519735,3.8755406702403,177000,177000,0.08891401,0.097805411,141363714.221475,155500085.643623,159034178.499159,174937596.349075,12,16,18,36,20,24,26,36
"Hypericum perforatum","any",TRUE,0.0001,1,260,1560,105.595880214125,105.595880214125,93.9206195768443,3.8755406702403,3036,33000,0.05000002,0.055000022,141363714.221475,155500085.643623,159034178.499159,174937596.349075,12,16,18,36,20,24,26,36
"Inula conyzae","any",FALSE,0.001,5,794.390211474058,1358.83743348407,61.4441295191394,96.3075010940557,153.365237409529,3.8755406702403,5762.72965780594,23363.4058386974,0.08891401,0.097805411,141363714.221475,155500085.643623,159034178.499159,174937596.349075,12,16,18,36,20,24,26,36
"Knautia arvensis","any",TRUE,0.001,5,1560,1560,105.595880214125,310.486898798496,122.460265082164,3.8755406702403,66,2000,0.08891401,0.097805411,141363714.221475,155500085.643623,159034178.499159,174937596.349075,12,16,18,36,20,24,26,36
"Koelaeria pyramidata","any",FALSE,0.001,5,794.390211474058,1358.83743348407,61.4441295191394,96.3075010940557,153.365237409529,3.8755406702403,5762.72965780594,23363.4058386974,0.08891401,0.097805411,141363714.221475,155500085.643623,159034178.499159,174937596.349075,12,16,18,36,20,24,26,36
"Lathyrus pratensis","any",TRUE,0.001,5,1560,1560,18.772773321718,105.595880214125,163.452976061274,3.8755406702403,38,300,0.08891401,0.097805411,141363714.221475,155500085.643623,159034178.499159,174937596.349075,12,16,18,36,20,24,26,36
"Leontodon hispidus","any",TRUE,0.001,5,1560,1560,18.772773321718,105.595880214125,163.460710326337,3.8755406702403,66,71,0.08891401,0.097805411,141363714.221475,155500085.643623,159034178.499159,174937596.349075,12,16,18,36,20,24,26,36
"Leucanthemum vulgare","any",TRUE,0.001,5,1560,1560,18.772773321718,18.772773321718,173.815101312492,3.8755406702403,66.1,26000,0.08891401,0.097805411,141363714.221475,155500085.643623,159034178.499159,174937596.349075,12,16,18,36,20,24,26,36
"Linum catharticum","any",TRUE,0.0003,2,52,1560,18.772773321718,105.595880214125,127.499493057662,3.8755406702403,11.4,183,0.06580373,0.072384103,141363714.221475,155500085.643623,159034178.499159,174937596.349075,12,16,18,36,20,24,26,36
"Listera ovata","short",TRUE,0.001,5,1560,1560,105.595880214125,310.486898798496,3.8755406702403,3.8755406702403,21000,150000,0.08891401,0.097805411,141363714.221475,155500085.643623,159034178.499159,174937596.349075,12,16,18,36,20,24,26,36
"Lolium perenne","any",TRUE,0.001,5,52,1560,18.772773321718,105.595880214125,177.339995183383,3.8755406702403,623.082367522258,6805.35738021946,0.08891401,0.097805411,141363714.221475,155500085.643623,159034178.499159,174937596.349075,12,16,18,36,20,24,26,36
"Lotus corniculatus","any",TRUE,0.001,5,260,1560,18.772773321718,105.595880214125,175.949434001689,3.8755406702403,345,18000,0.08891401,0.097805411,141363714.221475,155500085.643623,159034178.499159,174937596.349075,12,16,18,36,20,24,26,36
"Medicago falcata","any",FALSE,0.001,5,794.390211474058,1358.83743348407,61.4441295191394,96.3075010940557,153.365237409529,3.8755406702403,5762.72965780594,23363.4058386974,0.08891401,0.097805411,141363714.221475,155500085.643623,159034178.499159,174937596.349075,12,16,18,36,20,24,26,36
"Medicago lupulina","any",TRUE,0.001,5,52,1560,18.772773321718,18.772773321718,190.678585115639,3.8755406702403,100,6600,0.08891401,0.097805411,141363714.221475,155500085.643623,159034178.499159,174937596.349075,12,16,18,36,20,24,26,36
"Melampyrum arvense","long-medium",FALSE,0.001,5,52,104,18.772773321718,18.772773321718,149.45825105533,3.8755406702403,10,40,0.08891401,0.097805411,141363714.221475,155500085.643623,159034178.499159,174937596.349075,12,16,18,36,20,24,26,36
"Melampyrum nemorosum","medium",FALSE,0.001,5,622.230791644741,1199.98902523857,18.772773321718,18.772773321718,3.8755406702403,3.8755406702403,12,438,0.08891401,0.097805411,141363714.221475,155500085.643623,159034178.499159,174937596.349075,12,16,18,36,20,24,26,36
"Melampyrum sylvaticum","medium",FALSE,0.001,5,622.537629490759,1200.04560735434,18.772773321718,18.772773321718,3.8755406702403,3.8755406702403,9.4,76,0.08891401,0.097805411,141363714.221475,155500085.643623,159034178.499159,174937596.349075,12,16,18,36,20,24,26,36
"Melilotus alba","long-short",FALSE,0.001,5,52,104,105.595880214125,105.595880214125,169.410026198536,3.8755406702403,4287.5,350000,0.08891401,0.097805411,141363714.221475,155500085.643623,159034178.499159,174937596.349075,12,16,18,36,20,24,26,36
"Melilotus officinalis","any",FALSE,0.001,5,52,104,18.772773321718,105.595880214125,197.580347826285,3.8755406702403,100,100000,0.08891401,0.097805411,141363714.221475,155500085.643623,159034178.499159,174937596.349075,12,16,18,36,20,24,26,36
"Mentha arvensis","long-medium",TRUE,0.0003,2,1560,1560,105.595880214125,105.595880214125,98.8235850821187,3.8755406702403,19.5,200,0.06580373,0.072384103,141363714.221475,155500085.643623,159034178.499159,174937596.349075,12,16,18,36,20,24,26,36
"Mentha verticillata","any",FALSE,0.001,5,794.390211474058,1358.83743348407,61.4441295191394,96.3075010940557,153.365237409529,3.8755406702403,5762.72965780594,23363.4058386974,0.08891401,0.097805411,141363714.221475,155500085.643623,159034178.499159,174937596.349075,12,16,18,36,20,24,26,36
"Myosotis arvensis","any",TRUE,0.001,5,52,104,18.772773321718,310.486898798496,175.226027015652,3.8755406702403,500,1400,0.08891401,0.097805411,141363714.221475,155500085.643623,159034178.499159,174937596.349075,12,16,18,36,20,24,26,36
"Myosotis sylvatica","any",FALSE,0.001,5,104,260,105.595880214125,105.595880214125,3.8755406702403,3.8755406702403,192,192,0.08891401,0.097805411,141363714.221475,155500085.643623,159034178.499159,174937596.349075,12,16,18,36,20,24,26,36
"Onobrychis viciifolia","any",TRUE,0.001,5,260,1560,18.772773321718,18.772773321718,3.8755406702403,3.8755406702403,16,16,0.08891401,0.097805411,141363714.221475,155500085.643623,159034178.499159,174937596.349075,12,16,18,36,20,24,26,36
"Ononis repens","short-medium",TRUE,0.001,5,1560,1560,18.772773321718,18.772773321718,175.328098588947,3.8755406702403,1,4,0.08891401,0.097805411,141363714.221475,155500085.643623,159034178.499159,174937596.349075,12,16,18,36,20,24,26,36
"Ononis spinosa","short-long",TRUE,0.001,5,260,1560,18.772773321718,18.772773321718,3.8755406702403,3.8755406702403,300,300,0.08891401,0.097805411,141363714.221475,155500085.643623,159034178.499159,174937596.349075,12,16,18,36,20,24,26,36
"Ophris apifera","any",FALSE,0.001,5,794.390211474058,1358.83743348407,61.4441295191394,96.3075010940557,153.365237409529,3.8755406702403,5762.72965780594,23363.4058386974,0.08891401,0.097805411,141363714.221475,155500085.643623,159034178.499159,174937596.349075,12,16,18,36,20,24,26,36
"Ophrys insectifera","short",TRUE,0.001,5,1560,1560,88.8983691876531,122.278892100574,135.071046070319,3.8755406702403,5762.72965780594,23363.4058386974,0.08891401,0.097805411,141363714.221475,155500085.643623,159034178.499159,174937596.349075,12,16,18,36,20,24,26,36
"Orchis mascula","short",TRUE,0.001,5,1560,1560,310.486898798496,310.486898798496,90.20026960473,3.8755406702403,5762.72965780594,23363.4058386974,0.08891401,0.097805411,141363714.221475,155500085.643623,159034178.499159,174937596.349075,12,16,18,36,20,24,26,36
"Orchis militaris","short",TRUE,0.0001,1,1560,1560,105.595880214125,310.486898798496,48.1964013988873,3.8755406702403,25666.2758451856,87485.2927411734,0.05000002,0.055000022,141363714.221475,155500085.643623,159034178.499159,174937596.349075,12,16,18,36,20,24,26,36
"Orchis purpurea","short",TRUE,0.001,5,1560,1560,310.486898798496,310.486898798496,60.2457258014006,3.8755406702403,6000,6000,0.08891401,0.097805411,141363714.221475,155500085.643623,159034178.499159,174937596.349075,12,16,18,36,20,24,26,36
"Orchis tridentata","short",TRUE,0.001,5,1560,1560,88.8983691876531,122.278892100574,135.071046070319,3.8755406702403,5762.72965780594,23363.4058386974,0.08891401,0.097805411,141363714.221475,155500085.643623,159034178.499159,174937596.349075,12,16,18,36,20,24,26,36
"Origanum vulgare","any",TRUE,0.0001,1,260,1560,18.772773321718,105.595880214125,109.341232652062,3.8755406702403,4,4,0.05000002,0.055000022,141363714.221475,155500085.643623,159034178.499159,174937596.349075,12,16,18,36,20,24,26,36
"Phalaris arundinacea","any",TRUE,0.001,5,1560,1560,105.595880214125,105.595880214125,149.794476426684,3.8755406702403,3000,3000,0.08891401,0.097805411,141363714.221475,155500085.643623,159034178.499159,174937596.349075,12,16,18,36,20,24,26,36
"Phleum pratense","any",TRUE,0.001,5,1560,1560,85.4504177122924,117.702590701554,151.730650526407,3.8755406702403,677,677,0.08891401,0.097805411,141363714.221475,155500085.643623,159034178.499159,174937596.349075,12,16,18,36,20,24,26,36
"Pimpinella saxifraga","any",TRUE,0.001,5,1560,1560,105.595880214125,105.595880214125,149.950387566731,3.8755406702403,268,9566,0.08891401,0.097805411,141363714.221475,155500085.643623,159034178.499159,174937596.349075,12,16,18,36,20,24,26,36
"Plantago lanceolata","any",TRUE,0.001,5,52,1560,18.772773321718,105.595880214125,178.536623416852,3.8755406702403,585,10000,0.08891401,0.097805411,141363714.221475,155500085.643623,159034178.499159,174937596.349075,12,16,18,36,20,24,26,36
"Plantago major","any",TRUE,0.0003,2,52,1560,18.772773321718,105.595880214125,125.093240184887,3.8755406702403,565,40000,0.06580373,0.072384103,141363714.221475,155500085.643623,159034178.499159,174937596.349075,12,16,18,36,20,24,26,36
"Plantago media","any",TRUE,0.001,5,260,1560,18.772773321718,105.595880214125,176.571194617484,3.8755406702403,282,7440,0.08891401,0.097805411,141363714.221475,155500085.643623,159034178.499159,174937596.349075,12,16,18,36,20,24,26,36
"Platanthera chlorantha","short",TRUE,0.0001,1,1560,1560,310.486898798496,310.486898798496,3.8755406702403,3.8755406702403,25666.2758451856,87485.2927411734,0.05000002,0.055000022,141363714.221475,155500085.643623,159034178.499159,174937596.349075,12,16,18,36,20,24,26,36
"Poa annua","any",TRUE,0.0003,2,52,1560,18.772773321718,18.772773321718,138.59326388606,3.8755406702403,100,13000,0.06580373,0.072384103,141363714.221475,155500085.643623,159034178.499159,174937596.349075,12,16,18,36,20,24,26,36
"Poa pratensis","any",TRUE,0.0003,2,1560,1560,18.772773321718,105.595880214125,111.709033301187,3.8755406702403,208,208,0.06580373,0.072384103,141363714.221475,155500085.643623,159034178.499159,174937596.349075,12,16,18,36,20,24,26,36
"Poa trivialis","any",TRUE,0.0003,2,1166.67129343562,1747.561837936,93.8167521780778,130.008404000851,98.1792204869565,3.8755406702403,299.5,299.5,0.06580373,0.072384103,141363714.221475,155500085.643623,159034178.499159,174937596.349075,12,16,18,36,20,24,26,36
"Polygala comosa","medium-short",TRUE,0.001,5,1560,1560,63.0795070372463,95.4157610010607,385.780391125008,3.8755406702403,18,18,0.08891401,0.097805411,141363714.221475,155500085.643623,159034178.499159,174937596.349075,12,16,18,36,20,24,26,36
"Polygala vulgaris","medium-short",TRUE,0.001,5,1560,1560,18.772773321718,105.595880214125,163.430074330492,3.8755406702403,188,188,0.08891401,0.097805411,141363714.221475,155500085.643623,159034178.499159,174937596.349075,12,16,18,36,20,24,26,36
"Potentilla anserina","any",TRUE,0.001,5,1560,1560,105.595880214125,105.595880214125,150.544360594652,3.8755406702403,9.7,150,0.08891401,0.097805411,141363714.221475,155500085.643623,159034178.499159,174937596.349075,12,16,18,36,20,24,26,36
"Potentilla neumanniana","any",FALSE,0.001,5,794.390211474058,1358.83743348407,61.4441295191394,96.3075010940557,153.365237409529,3.8755406702403,5762.72965780594,23363.4058386974,0.08891401,0.097805411,141363714.221475,155500085.643623,159034178.499159,174937596.349075,12,16,18,36,20,24,26,36
"Potentilla reptans","any",TRUE,0.0003,2,1560,1560,18.772773321718,18.772773321718,112.788004895239,3.8755406702403,20101.1217390382,69556.418216517,0.06580373,0.072384103,141363714.221475,155500085.643623,159034178.499159,174937596.349075,12,16,18,36,20,24,26,36
"Primula veris","any",TRUE,0.001,5,1560,1560,105.595880214125,105.595880214125,150.492291970852,3.8755406702403,240,271,0.08891401,0.097805411,141363714.221475,155500085.643623,159034178.499159,174937596.349075,12,16,18,36,20,24,26,36
"Prunella grandiflora","any",TRUE,0.001,5,1560,1560,85.7341683431316,117.946256580948,151.812068971899,3.8755406702403,58,58,0.08891401,0.097805411,141363714.221475,155500085.643623,159034178.499159,174937596.349075,12,16,18,36,20,24,26,36
"Prunella vulgaris","any",TRUE,0.001,5,52,1560,18.772773321718,105.595880214125,179.170495439008,3.8755406702403,43.3,854,0.08891401,0.097805411,141363714.221475,155500085.643623,159034178.499159,174937596.349075,12,16,18,36,20,24,26,36
"Ranunculus bulbosus","any",TRUE,0.001,5,1560,1560,18.772773321718,105.595880214125,163.465515691266,3.8755406702403,23,133.6,0.08891401,0.097805411,141363714.221475,155500085.643623,159034178.499159,174937596.349075,12,16,18,36,20,24,26,36
"Ranunculus repens","any",TRUE,0.001,5,1560,1560,18.772773321718,18.772773321718,175.312184663213,3.8755406702403,20,215.3,0.08891401,0.097805411,141363714.221475,155500085.643623,159034178.499159,174937596.349075,12,16,18,36,20,24,26,36
"Rhinanthus angustifolius","long-short",FALSE,0.001,5,52,52,18.772773321718,18.772773321718,216.000926142438,3.8755406702403,63.5,1225,0.08891401,0.097805411,141363714.221475,155500085.643623,159034178.499159,174937596.349075,12,16,18,36,20,24,26,36
"Rhinanthus minor","any",FALSE,0.001,5,52,52,18.772773321718,18.772773321718,216.069463476478,3.8755406702403,19.4,187,0.08891401,0.097805411,141363714.221475,155500085.643623,159034178.499159,174937596.349075,12,16,18,36,20,24,26,36
"Rumex acetosa","any",TRUE,0.001,5,1560,1560,105.595880214125,105.595880214125,150.424835374024,3.8755406702403,45.4,2100,0.08891401,0.097805411,141363714.221475,155500085.643623,159034178.499159,174937596.349075,12,16,18,36,20,24,26,36
"Rumex crispus","any",TRUE,0.001,5,52,1560,18.772773321718,105.595880214125,176.714263643465,3.8755406702403,1050,40000,0.08891401,0.097805411,141363714.221475,155500085.643623,159034178.499159,174937596.349075,12,16,18,36,20,24,26,36
"Salvia pratensis","any",TRUE,0.001,5,1560,1560,18.772773321718,105.595880214125,162.80085490169,3.8755406702403,2100,4605,0.08891401,0.097805411,141363714.221475,155500085.643623,159034178.499159,174937596.349075,12,16,18,36,20,24,26,36
"Sanguisorba minor","any",TRUE,0.001,5,1560,1560,18.772773321718,105.595880214125,163.476968115897,3.8755406702403,3,3,0.08891401,0.097805411,141363714.221475,155500085.643623,159034178.499159,174937596.349075,12,16,18,36,20,24,26,36
"Scabiosa columbaria","any",TRUE,0.001,5,104,1560,18.772773321718,18.772773321718,190.513285766305,3.8755406702403,24,311,0.08891401,0.097805411,141363714.221475,155500085.643623,159034178.499159,174937596.349075,12,16,18,36,20,24,26,36
"Sedum sexangulare","short-medium",TRUE,0.0001,1,1560,1560,82.1171409512613,118.201402826761,385.780391125008,3.8755406702403,148,148,0.05000002,0.055000022,141363714.221475,155500085.643623,159034178.499159,174937596.349075,12,16,18,36,20,24,26,36
"Senecio erucifolius","medium-short",TRUE,0.001,5,1560,1560,105.595880214125,105.595880214125,385.780391125008,3.8755406702403,1151.5,2075,0.08891401,0.097805411,141363714.221475,155500085.643623,159034178.499159,174937596.349075,12,16,18,36,20,24,26,36
"Senecio jacobaea","any",TRUE,0.001,5,52,1560,18.772773321718,105.595880214125,173.046051814885,3.8755406702403,2100,100000,0.08891401,0.097805411,141363714.221475,155500085.643623,159034178.499159,174937596.349075,12,16,18,36,20,24,26,36
"Senecio ovatus","short",FALSE,0.001,5,794.390211474058,1358.83743348407,61.4441295191394,96.3075010940557,153.365237409529,3.8755406702403,5762.72965780594,23363.4058386974,0.08891401,0.097805411,141363714.221475,155500085.643623,159034178.499159,174937596.349075,12,16,18,36,20,24,26,36
"Senecio vulgaris","any",FALSE,0.0003,2,52,1560,18.772773321718,18.772773321718,137.02911444557,3.8755406702403,720,38000,0.06580373,0.072384103,141363714.221475,155500085.643623,159034178.499159,174937596.349075,12,16,18,36,20,24,26,36
"Silene dioica","any",TRUE,0.001,5,104,1560,105.595880214125,105.595880214125,165.182542693323,3.8755406702403,220,9300,0.08891401,0.097805411,141363714.221475,155500085.643623,159034178.499159,174937596.349075,12,16,18,36,20,24,26,36
"Silene nutans","any",TRUE,0.001,5,1560,1560,18.772773321718,105.595880214125,163.412888391841,3.8755406702403,255.8,255.8,0.08891401,0.097805411,141363714.221475,155500085.643623,159034178.499159,174937596.349075,12,16,18,36,20,24,26,36
"Sonchus asper","any",FALSE,0.0003,2,52,1560,18.772773321718,105.595880214125,92.8211385176079,3.8755406702403,330,600000,0.06580373,0.072384103,141363714.221475,155500085.643623,159034178.499159,174937596.349075,12,16,18,36,20,24,26,36
"Stachys germanica","any",TRUE,0.001,5,985.580751270968,1396.50318439216,105.595880214125,105.595880214125,160.978299349924,3.8755406702403,623.082367522258,6805.35738021946,0.08891401,0.097805411,141363714.221475,155500085.643623,159034178.499159,174937596.349075,12,16,18,36,20,24,26,36
"Stellaria holostea","any",TRUE,0.001,5,1560,1560,105.595880214125,105.595880214125,150.550100071504,3.8755406702403,19,19,0.08891401,0.097805411,141363714.221475,155500085.643623,159034178.499159,174937596.349075,12,16,18,36,20,24,26,36
"Stellaria media","any",TRUE,0.001,5,52,1560,18.772773321718,18.772773321718,188.059931240688,3.8755406702403,11000,15000,0.08891401,0.097805411,141363714.221475,155500085.643623,159034178.499159,174937596.349075,12,16,18,36,20,24,26,36
"Symphytum officinale","medium-long",TRUE,0.001,5,1560,1560,18.772773321718,105.595880214125,3.8755406702403,3.8755406702403,216,1400,0.08891401,0.097805411,141363714.221475,155500085.643623,159034178.499159,174937596.349075,12,16,18,36,20,24,26,36
"Tanacetum vulgare","any",TRUE,0.001,5,260,1560,105.595880214125,105.595880214125,163.328370098082,3.8755406702403,425,12500,0.08891401,0.097805411,141363714.221475,155500085.643623,159034178.499159,174937596.349075,12,16,18,36,20,24,26,36
"Taraxacum laevigaetum","short",FALSE,0.001,5,794.390211474058,1358.83743348407,61.4441295191394,96.3075010940557,153.365237409529,3.8755406702403,5762.72965780594,23363.4058386974,0.08891401,0.097805411,141363714.221475,155500085.643623,159034178.499159,174937596.349075,12,16,18,36,20,24,26,36
"Taraxacum officinale","short",TRUE,0.001,5,794.390211474058,1358.83743348407,61.4441295191394,96.3075010940557,153.365237409529,3.8755406702403,5762.72965780594,23363.4058386974,0.08891401,0.097805411,141363714.221475,155500085.643623,159034178.499159,174937596.349075,12,16,18,36,20,24,26,36
"Thymus pulegioides","any",TRUE,0.0003,2,1560,1560,105.595880214125,105.595880214125,98.7049806208165,3.8755406702403,528.5,528.5,0.06580373,0.072384103,141363714.221475,155500085.643623,159034178.499159,174937596.349075,12,16,18,36,20,24,26,36
"Tragopogon pratensis","any",TRUE,0.001,5,104,1560,18.772773321718,105.595880214125,149.45825105533,3.8755406702403,190,190,0.08891401,0.097805411,141363714.221475,155500085.643623,159034178.499159,174937596.349075,12,16,18,36,20,24,26,36
"Trifolium campestre","any",TRUE,0.001,5,52,104,18.772773321718,18.772773321718,215.185691089569,3.8755406702403,142.5,142.5,0.08891401,0.097805411,141363714.221475,155500085.643623,159034178.499159,174937596.349075,12,16,18,36,20,24,26,36
"Trifolium dubium","any",FALSE,0.001,5,52,52,18.772773321718,18.772773321718,216.060733182059,3.8755406702403,92,92,0.08891401,0.097805411,141363714.221475,155500085.643623,159034178.499159,174937596.349075,12,16,18,36,20,24,26,36
"Trifolium medium","any",TRUE,0.001,5,1560,1560,95.5839444115644,128.229507048053,3.8755406702403,3.8755406702403,30,110,0.08891401,0.097805411,141363714.221475,155500085.643623,159034178.499159,174937596.349075,12,16,18,36,20,24,26,36
"Trifolium ochroleucon","medium",TRUE,0.001,5,1560,1560,85.634695181755,117.860835747622,151.783526479699,3.8755406702403,275,275,0.08891401,0.097805411,141363714.221475,155500085.643623,159034178.499159,174937596.349075,12,16,18,36,20,24,26,36
"Trifolium pratense","any",TRUE,0.001,5,1560,1560,18.772773321718,105.595880214125,163.343384197474,3.8755406702403,530,530,0.08891401,0.097805411,141363714.221475,155500085.643623,159034178.499159,174937596.349075,12,16,18,36,20,24,26,36
"Trifolium repens","any",TRUE,0.001,5,52,2600,18.772773321718,105.595880214125,161.913190098629,3.8755406702403,64,1000,0.08891401,0.097805411,141363714.221475,155500085.643623,159034178.499159,174937596.349075,12,16,18,36,20,24,26,36
"Trisetum flavescens","any",TRUE,0.0003,2,1560,1560,18.772773321718,18.772773321718,117.27555574303,3.8755406702403,25000,25000,0.06580373,0.072384103,141363714.221475,155500085.643623,159034178.499159,174937596.349075,12,16,18,36,20,24,26,36
"Triticum aestivum","long",TRUE,0.001,5,52,52,18.772773321718,18.772773321718,215.964537551999,3.8755406702403,471.5,471.5,0.08891401,0.097805411,141363714.221475,155500085.643623,159034178.499159,174937596.349075,12,16,18,36,20,24,26,36
"Valeriana dioica","short",TRUE,0.001,5,1560,1560,85.7449126155107,117.955445614435,151.815560740697,3.8755406702403,25,60,0.08891401,0.097805411,141363714.221475,155500085.643623,159034178.499159,174937596.349075,12,16,18,36,20,24,26,36
"Valeriana officinalis","long",TRUE,0.001,5,1560,1560,18.772773321718,18.772773321718,3.8755406702403,3.8755406702403,139,657,0.08891401,0.097805411,141363714.221475,155500085.643623,159034178.499159,174937596.349075,12,16,18,36,20,24,26,36
"Verbascum lychnitis","any",FALSE,0.0003,2,104,104,105.595880214125,105.595880214125,385.780391125008,3.8755406702403,88211,131449.5,0.06580373,0.072384103,141363714.221475,155500085.643623,159034178.499159,174937596.349075,12,16,18,36,20,24,26,36
"Veronica chamaedrys","any",TRUE,0.0003,2,1560,1560,105.595880214125,105.595880214125,98.8123875443556,3.8755406702403,3,450,0.06580373,0.072384103,141363714.221475,155500085.643623,159034178.499159,174937596.349075,12,16,18,36,20,24,26,36
"Veronica teucrium","long",FALSE,0.0003,2,850.335018942104,1609.85924537192,65.0399877872806,104.162373493079,102.316637737316,3.8755406702403,20101.1217390382,69556.418216517,0.06580373,0.072384103,141363714.221475,155500085.643623,159034178.499159,174937596.349075,12,16,18,36,20,24,26,36
"Vicia cracca","any",TRUE,0.001,5,1560,1560,105.595880214125,105.595880214125,150.526835622362,3.8755406702403,55,300,0.08891401,0.097805411,141363714.221475,155500085.643623,159034178.499159,174937596.349075,12,16,18,36,20,24,26,36
"Vicia hirsuta","any",FALSE,0.001,5,52,104,18.772773321718,18.772773321718,215.202071170726,3.8755406702403,12.4,300,0.08891401,0.097805411,141363714.221475,155500085.643623,159034178.499159,174937596.349075,12,16,18,36,20,24,26,36
"Vicia sepium","short-long",TRUE,0.001,5,1560,1560,105.595880214125,105.595880214125,385.780391125008,3.8755406702403,9,144,0.08891401,0.097805411,141363714.221475,155500085.643623,159034178.499159,174937596.349075,12,16,18,36,20,24,26,36
"Vicia tenuifolia","short",TRUE,0.001,5,1560,1560,66.4057277565909,98.2685987337924,385.780391125008,3.8755406702403,623.082367522258,6805.35738021946,0.08891401,0.097805411,141363714.221475,155500085.643623,159034178.499159,174937596.349075,12,16,18,36,20,24,26,36
"Vicia tetrasperma","any",FALSE,0.001,5,52,104,18.772773321718,105.595880214125,203.342676619598,3.8755406702403,12.1,450,0.08891401,0.097805411,141363714.221475,155500085.643623,159034178.499159,174937596.349075,12,16,18,36,20,24,26,36
"Vicia villosa","short",FALSE,0.001,5,52,104,18.772773321718,18.772773321718,149.45825105533,3.8755406702403,200,300,0.08891401,0.097805411,141363714.221475,155500085.643623,159034178.499159,174937596.349075,12,16,18,36,20,24,26,36
"Vincetoxicum hirundinaria","short",TRUE,0.001,5,1560,1560,105.595880214125,105.595880214125,3.8755406702403,3.8755406702403,623.082367522258,6805.35738021946,0.08891401,0.097805411,141363714.221475,155500085.643623,159034178.499159,174937596.349075,12,16,18,36,20,24,26,36
"Viola hirta","any",TRUE,0.001,5,1560,1560,90.7118095362941,122.236912255956,153.063418352138,3.8755406702403,623.082367522258,6805.35738021946,0.08891401,0.097805411,141363714.221475,155500085.643623,159034178.499159,174937596.349075,12,16,18,36,20,24,26,36
"Viola odorata","any",TRUE,0.001,5,1560,1560,90.7118095362941,122.236912255956,153.063418352138,3.8755406702403,623.082367522258,6805.35738021946,0.08891401,0.097805411,141363714.221475,155500085.643623,159034178.499159,174937596.349075,12,16,18,36,20,24,26,36
